年月,カード番号,Rリティ,日本語名,能力,訳者コメント
2024-09,BTG-001,H,シエラとオッドボール,あなたが手札コスト[3]以上のパーマネント1つをプレイした時-あなたは対象の探検隊にブラスバグ 2/2/2 ロボット トークン1体を生成するために私を消耗してもよい。,
2024-09,BTG-002,H,スバッシュとマルモ,昼に-あなたは[1]を支払うとともに、あなたの手札のカードを1枚リザーブに置いてもよい。そうしたなら、ブラスバグ 2/2/2 ロボット トークンを対象の探検隊に生成する。,
2024-09,BTG-003,H,トレイストとロッサム,"午後にカード1枚があなたのリザーブを離れた時、私が5個よりも少ないスクラップカウンターを持っているなら-私はスクラップカウンターを1個得る。
私が5個以上のスクラップカウンターを持っているなら、私は「[消耗]:カードを1枚引き、その後あなたの手札のカードを1枚リザーブに置く。」を持つ。",
2024-09,BTG-004,C,ファウンドリーのメカニック,<サポート>[捨て札]:このターン、あなたが次にあなたの手札からプレイするパーマネントのコストは[1]減る。,
2024-09,BTG-004,R,ファウンドリーのメカニック,<サポート>[捨て札]:このターン、あなたが次にあなたの手札からプレイするパーマネントのコストは[1]減る。,
2024-09,BTG-004,F,ファウンドリーのメカニック,<サポート>[捨て札]:このターン、あなたが次にあなたの手札からプレイするパーマネントのコストは[1]減る。,
2024-09,BTG-005,C,アクシオムの回収者,[ウラ]リサプライする。(あなたのデッキの一番上のカードをあなたのリザーブに置く。,
2024-09,BTG-005,R,アクシオムの回収者,[ウラ]リサプライする。(あなたのデッキの一番上のカードをあなたのリザーブに置く。,
2024-09,BTG-005,F,アクシオムの回収者,[ウラ]リサプライする。(あなたのデッキの一番上のカードをあなたのリザーブに置く。,
2024-09,BTG-006,C,エイダ・ラブレス,[ウラ]あなたはあなたの手札のカード1枚をあなたのリザーブに置いてもよい。それがパーマネントなら、カードを1枚引く。,
2024-09,BTG-006,R,エイダ・ラブレス,[ウラ]あなたはカードを1枚引くためにあなたの手札のカード1枚をあなたのリザーブに置いてもよい。,
2024-09,BTG-006,F,エイダ・ラブレス,[ウラ]あなたはあなたの手札のカード1枚をあなたのリザーブに置いてもよい。それが呪文なら、カードを1枚引く。,
2024-09,BTG-007,C,コッペリア,私があなたの手札からリザーブに置かれたとき-あなたは私を無料でプレイしてもよい。そうしたなら私は睡眠を得る。（夕方、私のスタッツを無視する。休息時、それはリザーブに送られず、代わりに睡眠を失う。）,
2024-09,BTG-007,R,コッペリア,私があなたの手札からリザーブに置かれたとき-あなたは私を無料でプレイしてもよい。そうしたなら私は睡眠を得る。（夕方、私のスタッツを無視する。休息時、それはリザーブに送られず、代わりに睡眠を失う。）,
2024-09,BTG-007,F,コッペリア,私があなたの手札からリザーブに置かれたとき-あなたは私を無料でプレイしてもよい。そうしたなら私は睡眠を得る。（夕方、私のスタッツを無視する。休息時、それはリザーブに送られず、代わりに睡眠を失う。）,
2024-09,BTG-008,C,ファウンドリーの技術者,[ウラ]あなたがこの午後にプレイする次のパーマネントのコストは[1]減る。,
2024-09,BTG-008,R,ファウンドリーの技術者,[ウラ]あなたがこの午後にプレイする次のパーマネントのコストは[2]減る。,
2024-09,BTG-008,F,ファウンドリーの技術者,[ウラ]あなたがこの午後にプレイする次のパーマネントのコストは[2]減る。,
2024-09,BTG-009,C,組み立て監督官、ジアン,能力なし,
2024-09,BTG-009,R,組み立て監督官、ジアン,<サポート>[捨て札]あなたのコントロールする対象のパーマネントの[両面]能力を起動する。,
2024-09,BTG-009,F,組み立て監督官、ジアン,<サポート>[捨て札]あなたのコントロールする対象のパーマネントの[両面]能力を起動する。,
2024-09,BTG-010,C,ケロンの精霊,[表]あなたの手札のカード1枚をリザーブに置く。,
2024-09,BTG-010,R,ケロンの精霊,[表]あなたはあなたの手札のカード1枚をリザーブに置いてもよい。,
2024-09,BTG-010,F,ケロンの精霊,[表]あなたはあなたの手札のカード1枚をリザーブに置いてもよい。,
2024-09,BTG-011,C,オグン,[両面]あなたのコントロールする各ロボット/Robotは1ブーストを得る。 （ブーストは+1/+1/+1カウンターである。探検隊を離れるとき、ブーストはなくなる。）,
2024-09,BTG-011,R,オグン,"[両面]あなたは対象の探検隊にブラスバグ 2/2/2 ロボット トークン1体を生成するために[2]を払ってもよい。その後、あなたのコントロールする各ロボット/Robotは1ブーストを得る。
（ブーストは+1/+1/+1カウンターである。探検隊を離れるとき、ブーストはなくなる。）",
2024-09,BTG-011,F,オグン,[両面]あなたのコントロールする各植物/Plantは1ブーストを得る。,
2024-09,BTG-012,C,アメリア・イアハート,能力なし,
2024-09,BTG-012,R,アメリア・イアハート,[表]私は1ブーストを得る。（ブーストは+1/+1/+1カウンターである。探検隊を離れるとき、ブーストはなくなる。）,
2024-09,BTG-012,F,アメリア・イアハート,[表]私は1ブーストを得る。（ブーストは+1/+1/+1カウンターである。探検隊を離れるとき、ブーストはなくなる。）,
2024-09,BTG-013,C,ファウンドリーの武器職人,[ウラ]対象の探検隊にブラスバグ 2/2/2 ロボット トークン1体を生成する。,
2024-09,BTG-013,R,ファウンドリーの武器職人,[両面]私の探検隊にブラスバグ 2/2/2 ロボット トークン1体を生成する。,
2024-09,BTG-013,F,ファウンドリーの武器職人,[ウラ]対象の探検隊にブラスバグ 2/2/2 ロボット トークン1体を生成する。,
2024-09,BTG-014,C,三匹の子ぶた,[両面]あなたが2つ以上のランドマークをコントロールしているなら、私は1ブーストを得る。(ブーストは+1/+1/+1カウンターである。探検隊を離れるとき、ブーストはなくなる。),
2024-09,BTG-014,R,三匹の子ぶた,[両面]あなたが2つ以上のランドマークをコントロールしているなら、私は2ブーストを得る。(ブーストは+1/+1/+1カウンターである。探検隊を離れるとき、ブーストはなくなる。),
2024-09,BTG-014,F,三匹の子ぶた,[両面]あなたが1つ以上のランドマークをコントロールしているなら、私は1ブーストを得る。(ブーストは+1/+1/+1カウンターである。探検隊を離れるとき、ブーストはなくなる。),
2024-09,BTG-015,C,ティンカーベル,[ウラ]サボタージュする。（リザーブのカード最大1枚を対象とし、それを捨て札にする。）,
2024-09,BTG-015,R,ティンカーベル,[ウラ]サボタージュする。（リザーブのカード最大1枚を対象とし、それを捨て札にする。）,
2024-09,BTG-015,F,ティンカーベル,[ウラ]サボタージュする。（リザーブのカード最大1枚を対象とし、それを捨て札にする。）,
2024-09,BTG-016,C,アクシオムの通信妨害者,[表]サボタージュする。（リザーブのカード最大1枚を対象とし、それを捨て札にする。）,
2024-09,BTG-016,R,アクシオムの通信妨害者,[表]サボタージュする。（リザーブのカード最大1枚を対象とし、それを捨て札にする。）,
2024-09,BTG-016,F,アクシオムの通信妨害者,[表]サボタージュする。（リザーブのカード最大1枚を対象とし、それを捨て札にする。）,
2024-09,BTG-017,C,ドクター・フランケンシュタイン,[ウラ]あなたはあなたがコントロールする対象のパーマネント1つの[両面]能力を起動してもよい。,
2024-09,BTG-017,R,ドクター・フランケンシュタイン,[ウラ]あなたはあなたがコントロールする対象のパーマネント1つの[両面]能力を起動してもよい。,
2024-09,BTG-017,F,ドクター・フランケンシュタイン,[ウラ]あなたはあなたがコントロールする対象のパーマネント1つの[両面]能力を起動してもよい。,
2024-09,BTG-018,C,アテナ,[ウラ]あなたが2つ以上のランドマークをコントロールしているなら、私は_一過_を失う。,
2024-09,BTG-018,R,アテナ,"[表]あなたが2つ以上のランドマークをコントロールしているなら、私は2ブーストを得る。（ブーストは+1/+1/+1カウンターである。探検隊を離れるとき、ブーストはなくなる。）
[ウラ]あなたが2つ以上のランドマークをコントロールしているなら、私は_一過_を失う。",
2024-09,BTG-018,F,アテナ,"[表]あなたが2つ以上の他のキャラクターをコントロールしているなら、私は2ブーストを得る。（ブーストは+1/+1/+1カウンターである。探検隊を離れるとき、ブーストはなくなる。）
[ウラ]あなたが2つ以上の他のキャラクターをコントロールしているなら、私は_一過_を失う。",
2024-09,BTG-019,C,ガネーシャ,[両面]あなたのコントロールする各パーマネントについて、あなたはそれの[両面]能力を起動してもよい。,
2024-09,BTG-019,R,ガネーシャ,[両面]あなたのコントロールする各パーマネントについて、あなたはそれの[両面]能力を起動してもよい。,
2024-09,BTG-019,F,ガネーシャ,[両面]あなたのコントロールする他のキャラクターそれぞれについて、それらの[両面]能力を起動してもよい。,
2024-09,BTG-020,C,釣れた,対象のキャラクターの探検隊を入れ替える。,もう少しいいカード名の日本語訳があるような気がする
2024-09,BTG-020,R,釣れた,"カードを1枚引く。
対象のキャラクターの探検隊を入れ替える。",
2024-09,BTG-020,F,釣れた,対象のキャラクターの探検隊を入れ替える。,
2024-09,BTG-021,C,機械のトレーニング,あなたがコントロールする対象のパーマネントの[両面]能力を起動する。,
2024-09,BTG-021,R,機械のトレーニング,あなたがコントロールする対象のパーマネントの[両面]能力を起動する。,
2024-09,BTG-021,F,機械のトレーニング,あなたがコントロールする対象のパーマネントの[両面]能力を起動する。,
2024-09,BTG-022,C,ドカーン！,"_一過_（私がリザーブに送られるなら、代わりに捨て札にする。）
キャラクター1体を生け贄に捧げる。そうしたなら対象のキャラクターかパーマネントを捨て札にする。",
2024-09,BTG-022,R,ドカーン！,"_一過_（私がリザーブに送られるなら、代わりに捨て札にする。）
キャラクターかパーマネント1つを生け贄に捧げる。そうしたなら対象のキャラクターかパーマネントを捨て札にする。",
2024-09,BTG-022,F,ドカーン！,"_一過_（私がリザーブに送られるなら、代わりに捨て札にする。）
キャラクター1体を生け贄に捧げる。そうしたなら対象のキャラクターかパーマネントを捨て札にする。",
2024-09,BTG-023,C,ケロンの破裂,"_一過_（私がリザーブに送られるなら、代わりに捨て札にする。）
1つを選ぶ:
・対象の手札コスト[4]以下のキャラクターをリザーブに送る。
・対象の手札コスト[4]以下のパーマネントを捨て札にする。",
2024-09,BTG-023,R,ケロンの破裂,"_一過_（私がリザーブに送られるなら、代わりに捨て札にする。）
1つを選ぶ:
・対象の手札コスト[4]以下のキャラクターをリザーブに送る。
・対象の手札コスト[4]以下のパーマネントを捨て札にする。
あなたが2つ以上のランドマークをコントロールしているなら、対象の探検隊にブラスバグ 2/2/2 ロボット トークン1体を生成する。",
2024-09,BTG-023,F,ケロンの破裂,"_一過_（私がリザーブに送られるなら、代わりに捨て札にする。）
1つを選ぶ:
・対象の手札コスト[4]以下のキャラクターをリザーブに送る。
・対象の手札コスト[4]以下のパーマネントを捨て札にする。",
2024-09,BTG-024,C,ケロンのシリンダー,"（ランドマーク。私が一過を得ることはない。）
[消耗]:私はケロンカウンターを2個得る。
[消耗],私のケロンカウンターを1個支払う:このターン、あなたが次にプレイするキャラクターは1ブーストを得る。(ブーストは+1/+1/+1カウンターである。探検隊を離れるとき、ブーストはなくなる。)",
2024-09,BTG-024,R,ケロンのシリンダー,"（ランドマーク。私が一過を得ることはない。）
[両面]対象のキャラクターは1ブーストを得る。
[消耗]:私はケロンカウンターを2個得る。
[消耗],私のケロンカウンターを1個支払う:対象のキャラクターは1ブーストを得る。(ブーストは+1/+1/+1カウンターである。探検隊を離れるとき、ブーストはなくなる。)",
2024-09,BTG-024,F,ケロンのシリンダー,"（ランドマーク。私が一過を得ることはない。）
[消耗]:私はケロンカウンターを2個得る。
[消耗],私のケロンカウンターを1個支払う:このターン、あなたが次にプレイするキャラクターは1ブーストを得る。(ブーストは+1/+1/+1カウンターである。探検隊を離れるとき、ブーストはなくなる。)",
2024-09,BTG-025,C,装甲妨害機,"（ランドマーク。私が一過を得ることはない。）
[両面]サボタージュする。（リザーブのカード最大1枚を対象とし、それを捨て札にする。）",
2024-09,BTG-025,R,装甲妨害機,"（ランドマーク。私が一過を得ることはない。）
[両面]サボタージュする。（リザーブのカード最大1枚を対象とし、それを捨て札にする。）
私があなたのランドマークを離れた時-サボタージュする。",
2024-09,BTG-025,F,装甲妨害機,"（ランドマーク。私が一過を得ることはない。）
[両面]サボタージュする。（リザーブのカード最大1枚を対象とし、それを捨て札にする。）
私があなたのランドマークを離れた時-サボタージュする。",
2024-09,BTG-026,C,ブラスバグの拠点,"（ランドマーク。私が一過を得ることはない。）
[両面]私はケロンカウンターを3個得る。
昼に-あなたは[1]を支払うとともに、私のケロンカウンターを1個支払ってもよい。そうしたなら、ブラスバグ 2/2/2 ロボット トークン1体を、対象の探検隊に生成する。",
2024-09,BTG-026,R,ブラスバグの拠点,"（ランドマーク。私が一過を得ることはない。）
[両面]私はケロンカウンターを3個得る。
昼に-あなたは[1]を支払うとともに、私のケロンカウンターを1個支払ってもよい。そうしたなら、ブラスバグ 2/2/2 ロボット トークン1体を、対象の探検隊に生成する。",
2024-09,BTG-026,F,ブラスバグの拠点,"（ランドマーク。私が一過を得ることはない。）
[両面]私はケロンカウンターを3個得る。
昼に-あなたは[1]を支払うとともに、私のケロンカウンターを1個支払ってもよい。そうしたなら、ブラスバグ 2/2/2 ロボット トークン1体を、対象の探検隊に生成する。",
2024-09,BTG-027,C,ケロン式発動機,"（ランドマーク。私が一過を得ることはない。）
[2],[消耗]:カードを1枚引く。",
2024-09,BTG-027,R,ケロン式発動機,"（ランドマーク。私が一過を得ることはない。）
[1],[消耗]:カードを1枚引く。",
2024-09,BTG-027,F,ケロン式発動機,"（ランドマーク。私が一過を得ることはない。）
[1],[消耗]:カードを1枚引く。",
2024-09,BTG-028,C,アクシオムの要塞、ファウンドリー,"（ランドマーク。私が一過を得ることはない。）
[消耗]:このターン、次にあなたが手札からプレイするキャラクターの[ウラ]能力を起動する。",
2024-09,BTG-028,R,アクシオムの要塞、ファウンドリー,"（ランドマーク。私が一過を得ることはない。）
[両面]カードを1枚引く。
[消耗]:このターン、次にあなたが手札からプレイするキャラクターの[ウラ]能力を起動する。",
2024-09,BTG-028,F,アクシオムの要塞、ファウンドリー,"（ランドマーク。私が一過を得ることはない。）
[消耗]:このターン、次にあなたが手札からプレイするキャラクターの[ウラ]能力を起動する。",
2024-09,BTG-029,C,アクシオムの再処理装置,"（ランドマーク。私が一過を得ることはない。）
昼に-リサプライする。（あなたのデッキの一番上のカードをあなたのリザーブに置く。）",
2024-09,BTG-029,R,アクシオムの再処理装置,"（ランドマーク。私が一過を得ることはない。）
[両面]リサプライする。（あなたのデッキの一番上のカードをあなたのリザーブに置く。）
昼に-リサプライする。",
2024-09,BTG-029,F,アクシオムの再処理装置,"（ランドマーク。私が一過を得ることはない。）
昼に-リサプライする。（あなたのデッキの一番上のカードをあなたのリザーブに置く。）",
2024-09,BTG-030,C,ブラスバグの巣,"（ランドマーク。私が一過を得ることはない。）
[両面]対象の探検隊にブラスバグ 2/2/2 ロボット トークン1体を生成する。
昼に-対象の探検隊にブラスバグ 2/2/2 ロボット トークン1体を生成する。",
2024-09,BTG-030,R,ブラスバグの巣,"（ランドマーク。私が一過を得ることはない。）
[両面]対象の探検隊にブラスバグ 2/2/2 ロボット トークン1体を生成する。
昼に-対象の探検隊にブラスバグ 2/2/2 ロボット トークン1体を生成する。
ロボット1体があなたの探検隊に加わった時-それは1ブーストを得る。",
2024-09,BTG-030,F,ブラスバグの巣,"（ランドマーク。私が一過を得ることはない。）
[両面]対象の探検隊にブラスバグ 2/2/2 ロボット トークン1体を生成する。
昼に-対象の探検隊にブラスバグ 2/2/2 ロボット トークン1体を生成する。",
2024-09,BTG-031,H,コジョとブーダ,昼に-あなたが先手なら、ブーダ 2/2/2 コンパニオン トークン1体をあなたのコンパニオンの探検隊に生成する。,
2024-09,BTG-032,H,アチャディとサージ,"私は英雄的カウンターを5個持ってゲームを開始する。
あなたが私の英雄的カウンターの数以上の手札コストを持つキャラクターをプレイした時-カードを1枚引き、私は英雄的カウンターを1個得る。",
2024-09,BTG-033,H,バシラとカイザイモン,あなたのコントロールするキャラクター1体が1つ以上のブーストを得た時-あなたは対象のキャラクターに1ブーストを得させるために私を消耗してもよい。（ブーストは+1/+1/+1カウンターである。探検隊を離れるとき、ブーストはなくなる。）,
2024-09,BTG-034,C,一寸法師,<サポート>[捨て札]:このターン、あなたが次にプレイするキャラクターは1ブーストを得る。（ブーストは+1/+1/+1カウンターである。探検隊を離れるとき、ブーストはなくなる。）,
2024-09,BTG-034,R,一寸法師,"[ウラ]対象のキャラクターは1ブーストを得る。（ブーストは+1/+1/+1カウンターである。探検隊を離れるとき、ブーストはなくなる。）
<サポート>[捨て札]:このターン、あなたが次にプレイするキャラクターは1ブーストを得る。",
2024-09,BTG-034,F,一寸法師,"[ウラ]対象のキャラクターは1ブーストを得る。（ブーストは+1/+1/+1カウンターである。探検隊を離れるとき、ブーストはなくなる。）
<サポート>[捨て札]:このターン、あなたが次にプレイするキャラクターは1ブーストを得る。",
2024-09,BTG-035,C,ブラヴォスの剣舞士,"熟練（私がリザーブに行く時、ブーストを失わない。）
[両面]私は1ブーストを得る。(ブーストは+1/+1/+1カウンターである。探検隊を離れるとき、ブーストはなくなる。)",
2024-09,BTG-035,R,ブラヴォスの剣舞士,"熟練（私が探検隊を離れるとき、ブーストを失わない。）
[両面]私は1ブーストを得る。（ブーストは+1/+1/+1カウンターである。探検隊を離れるとき、ブーストはなくなる。）
[ウラ]私が持っているブーストが4つ以下なら、私は_一過_を失う。",
2024-09,BTG-035,F,ブラヴォスの剣舞士,"熟練（私がリザーブに行く時、ブーストを失わない。）
[両面]私は1ブーストを得る。(ブーストは+1/+1/+1カウンターである。探検隊を離れるとき、ブーストはなくなる。)",
2024-09,BTG-036,C,ラタトスク,"
[ウラ]私は2ブーストを得る。（ブーストは+1/+1/+1カウンターである。探検隊を離れるとき、ブーストはなくなる。）",
2024-09,BTG-036,R,ラタトスク,"
[ウラ]私は3ブーストを得る。（ブーストは+1/+1/+1カウンターである。探検隊を離れるとき、ブーストはなくなる。）",
2024-09,BTG-036,F,ラタトスク,"
[ウラ]私の探検隊にオーディスの新兵 1/1/1 兵士 トークン2体を生成する。",
2024-09,BTG-037,C,ブラヴォスの道探し,能力なし,
2024-09,BTG-037,R,ブラヴォスの道探し,"熟練（私が探検隊を離れるとき、ブーストを失わない。）
[表]私が1ブーストを得るためにあなたは[2]を支払ってもよい。（ブーストは+1/+1/+1カウンターである。探検隊を離れるとき、ブーストはなくなる。）",
2024-09,BTG-037,F,ブラヴォスの道探し,能力なし,
2024-09,BTG-038,C,ブラヴォスの追跡者,[両面]私は_一過_を得る。（私がリザーブに送られるなら、代わりに捨て札にする。）,
2024-09,BTG-038,R,ブラヴォスの追跡者,[両面]私は_一過_を得る。（私がリザーブに送られるなら、代わりに捨て札にする。）,
2024-09,BTG-038,F,ブラヴォスの追跡者,[両面]私は_一過_を得る。（私がリザーブに送られるなら、代わりに捨て札にする。）,
2024-09,BTG-039,C,ケイローン,[両面]対象のキャラクターは1ブーストを得る。（ブーストは+1/+1/+1カウンターである。探検隊を離れるとき、ブーストはなくなる。）,
2024-09,BTG-039,R,ケイローン,[両面]最大2体の対象のキャラクターはそれぞれ1ブーストを得る。（ブーストは+1/+1/+1カウンターである。探検隊を離れるとき、ブーストはなくなる。）,
2024-09,BTG-039,F,ケイローン,[両面]最大2体の対象のキャラクターはそれぞれ1ブーストを得る。（ブーストは+1/+1/+1カウンターである。探検隊を離れるとき、ブーストはなくなる。）,
2024-09,BTG-040,C,赤ずきん,熟練（私がリザーブに行く時、ブーストを失わない。）,
2024-09,BTG-040,R,赤ずきん,"熟練（私がリザーブに行く時、ブーストを失わない。）
夕方に-あなたが3つ以上のブーストを持っているなら、カードを1枚引く。",
2024-09,BTG-040,F,赤ずきん,熟練（私がリザーブに行く時、ブーストを失わない。）,
2024-09,BTG-041,C,小さなジン,"私が探検隊を離れるとき、私がブースト中なら-私を持ち主のマナ・ゾーンに置く。（それらは消耗したマナ・オーブである）
[ウラ]私は1ブーストを得る。（ブーストは+1/+1/+1カウンターである。探検隊を離れるとき、ブーストはなくなる。）",
2024-09,BTG-041,R,小さなジン,"私が探検隊を離れるとき、私がブースト中なら-私を持ち主のマナ・ゾーンに置く。（それらは消耗したマナ・オーブである）
[ウラ]私は1ブーストを得る。（ブーストは+1/+1/+1カウンターである。探検隊を離れるとき、ブーストはなくなる。）",
2024-09,BTG-041,F,小さなジン,"私が探検隊を離れるとき、私がブースト中なら-私を持ち主のマナ・ゾーンに置く。（それらは消耗したマナ・オーブである）
[ウラ]私は1ブーストを得る。（ブーストは+1/+1/+1カウンターである。探検隊を離れるとき、ブーストはなくなる。）",
2024-09,BTG-042,C,ヘイヴンの訓練生,[ウラ]私は2ブーストを得る。（ブーストは+1/+1/+1カウンターである。探検隊を離れるとき、ブーストはなくなる。）,
2024-09,BTG-042,R,ヘイヴンの訓練生,"[ウラ]私は2ブーストを得る。（ブーストは+1/+1/+1カウンターである。探検隊を離れるとき、ブーストはなくなる。）
<サポート>[捨て札]:このターン、あなたが次にプレイするキャラクターは1ブーストを得る。",
2024-09,BTG-042,F,ヘイヴンの訓練生,[ウラ]あなたの各探検隊に、オーディスの新兵 1/1/1 兵士 トークン1体を生成する。,
2024-09,BTG-043,C,ブラヴォスの前衛,"
[両面]あなたは対象の他のキャラクターに_一過_を失わせてもよい。",
2024-09,BTG-043,R,ブラヴォスの前衛,[両面]あなたは対象の他のキャラクターに_一過_を失わせるとともに1ブーストを得させてもよい。(ブーストは+1/+1/+1カウンターである。探検隊を離れるとき、ブーストはなくなる。),
2024-09,BTG-043,F,ブラヴォスの前衛,[両面]あなたは対象の他のキャラクターに_一過_を失わせるとともに1ブーストを得させてもよい。(ブーストは+1/+1/+1カウンターである。探検隊を離れるとき、ブーストはなくなる。),
2024-09,BTG-044,C,ヘイヴンの用心棒,"[表]サボタージュする。（リザーブのカード最大1枚を対象とし、それを捨て札にする。）
[ウラ]私は1ブーストを得る。（ブーストは+1/+1/+1カウンターである。探検隊を離れるとき、ブーストはなくなる。）",
2024-09,BTG-044,R,ヘイヴンの用心棒,"[表]サボタージュする。（リザーブのカード最大1枚を対象とし、それを捨て札にする。）
[ウラ]私は2ブーストを得る。（ブーストは+1/+1/+1カウンターである。探検隊を離れるとき、ブーストはなくなる。）",
2024-09,BTG-044,F,ヘイヴンの用心棒,"[表]サボタージュする。（リザーブのカード最大1枚を対象とし、それを捨て札にする。）
[ウラ]私は2ブーストを得る。（ブーストは+1/+1/+1カウンターである。探検隊を離れるとき、ブーストはなくなる。）",
2024-09,BTG-045,C,ヘイヴンの戦士,能力なし,
2024-09,BTG-045,R,ヘイヴンの戦士,<サポート>[捨て札]:このターン、あなたが次にプレイするキャラクターは1ブーストを得る。（ブーストは+1/+1/+1カウンターである。探検隊を離れるとき、ブーストはなくなる。）,
2024-09,BTG-045,F,ヘイヴンの戦士,<サポート>[捨て札]:このターン、あなたが次にプレイするキャラクターは1ブーストを得る。（ブーストは+1/+1/+1カウンターである。探検隊を離れるとき、ブーストはなくなる。）,
2024-09,BTG-046,C,花木蘭,[ウラ]私は_一過_を失う。,
2024-09,BTG-046,R,花木蘭,[ウラ]私は_一過_を失う。,
2024-09,BTG-046,F,花木蘭,[ウラ]私は_一過_を失う。,
2024-09,BTG-047,C,巴御前,あなたのマナ・オーブが7つ未満であるなら、私はプレイできない。,
2024-09,BTG-047,R,巴御前,あなたのマナ・オーブが6つ未満であるなら、私はプレイできない。,
2024-09,BTG-047,F,巴御前,あなたのマナ・オーブが6つ未満であるなら、私はプレイできない。,
2024-09,BTG-048,C,孫悟空,[ウラ]私は2ブーストを得る。（ブーストは+1/+1/+1カウンターである。探検隊を離れるとき、ブーストはなくなる。）,
2024-09,BTG-048,R,孫悟空,[ウラ]私は2ブーストを得て、_一過_を失う。（ブーストは+1/+1/+1カウンターである。探検隊を離れるとき、ブーストはなくなる。）,
2024-09,BTG-048,F,孫悟空,[ウラ]対象のキャラクターは2ブーストを得る。（ブーストは+1/+1/+1カウンターである。探検隊を離れるとき、ブーストはなくなる。）,
2024-09,BTG-049,C,力強いジン,私が探検隊を離れるなら、代わりに私をあなたのマナ・ゾーンに置いてもよい。（それらは消耗したマナ・オーブである）,
2024-09,BTG-049,R,力強いジン,私が探検隊を離れるなら、代わりに私をあなたのマナ・ゾーンに置いてもよい。（それらは消耗したマナ・オーブである）そうしたなら、カードを1枚引く。,
2024-09,BTG-049,F,力強いジン,私が探検隊を離れるなら、代わりに私をあなたのマナ・ゾーンに置いてもよい。（それらは消耗したマナ・オーブである）,
2024-09,BTG-050,C,河童,能力なし,
2024-09,BTG-050,R,河童,"熟練（私がリザーブに行く時、ブーストを失わない。）
<サポート>[捨て札]:このターン、あなたが次にプレイするキャラクターは1ブーストを得る。（ブーストは+1/+1/+1カウンターである。探検隊を離れるとき、ブーストはなくなる。）",
2024-09,BTG-050,F,河童,能力なし,
2024-09,BTG-051,C,アキレウス,タフ1（対戦相手が私を対象にするなら、[1]を追加で支払う。）,
2024-09,BTG-051,R,アキレウス,タフ2（対戦相手が私を対象にするなら、[2]を追加で支払う。）,
2024-09,BTG-051,F,アキレウス,タフ1（対戦相手が私を対象にするなら、[1]を追加で支払う。）,
2024-09,BTG-052,C,アトラス,巨大（私はあなたの両方の探検隊に存在しているとみなす。）,
2024-09,BTG-052,R,アトラス,"巨大（私はあなたの両方の探検隊に存在しているとみなす。）
熟練（私がリザーブに行く時、ブーストを失わない。）
<サポート>[捨て札]:このターン、あなたが次にプレイするキャラクターは2ブーストを得る。（ブーストは+1/+1/+1カウンターである。探検隊を離れるとき、ブーストはなくなる。）",
2024-09,BTG-052,F,アトラス,"巨大（私はあなたの両方の探検隊に存在しているとみなす。）
あなたがコントロールするトークンは巨大を持つ。",
2024-09,BTG-053,C,神龍,能力なし,
2024-09,BTG-053,R,神龍,タフ1（対戦相手が私を対象にするなら、[1]を追加で支払う。）,
2024-09,BTG-053,F,神龍,能力なし,
2024-09,BTG-054,C,アスガルタのリバイアサン、カイバラ,"巨大（私はあなたの両方の探検隊に存在しているとみなす。）
タフX、Xはあなたのヒーローとコンパニオンの探検隊の間にある地域の数に等しい。（それらが隣り合っているなら、Xは0である。対戦相手が私を対象にするなら、[X]を追加で支払う。）",
2024-09,BTG-054,R,アスガルタのリバイアサン、カイバラ,"巨大（私はあなたの両方の探検隊に存在しているとみなす。）
タフX、Xはあなたのヒーローとコンパニオンの探検隊の間にある地域の数に等しい。（それらが隣り合っているなら、Xは0である。対戦相手が私を対象にするなら、[X]を追加で支払う。）",
2024-09,BTG-054,F,アスガルタのリバイアサン、カイバラ,"巨大（私はあなたの両方の探検隊に存在しているとみなす。）
タフX、Xはあなたのヒーローとコンパニオンの探検隊の間にある地域の数に等しい。（それらが隣り合っているなら、Xは0である。対戦相手が私を対象にするなら、[X]を追加で支払う。）",
2024-09,BTG-055,C,救いの手,対象のキャラクターは1ブーストを得て、_一過_を失う。（ブーストは+1/+1/+1カウンターである。探検隊を離れるとき、ブーストはなくなる。）,
2024-09,BTG-055,R,救いの手,"_一過_（私がリザーブに送られるなら、代わりに捨て札にする。）
対象のキャラクターは2ブーストを得て、_一過_を失う。（ブーストは+1/+1/+1カウンターである。探検隊を離れるとき、ブーストはなくなる。）",
2024-09,BTG-055,F,救いの手,対象のキャラクターは1ブーストを得て、_一過_を失う。（ブーストは+1/+1/+1カウンターである。探検隊を離れるとき、ブーストはなくなる。）,
2024-09,BTG-056,C,脅迫,"_一過_（私がリザーブに送られるなら、代わりに捨て札にする。）
対象の手札コスト[4]以下の、キャラクターかパーマネント1つを持ち主の手札に戻す。",
2024-09,BTG-056,R,脅迫,"_一過_（私がリザーブに送られるなら、代わりに捨て札にする。）
対象の手札コスト[5]以下の、キャラクターかパーマネント1つを持ち主の手札に戻す。",
2024-09,BTG-056,F,脅迫,"_一過_（私がリザーブに送られるなら、代わりに捨て札にする。）
対象の手札コスト[5]以下の、キャラクターかパーマネント1つを持ち主の手札に戻す。",
2024-09,BTG-057,C,マナとの交信,"_一過_（私がリザーブに送られるなら、代わりに捨て札にする。）
あなたのデッキの一番上のカードをマナ・ゾーンに置く。（それらは消耗したマナ・オーブである）",
2024-09,BTG-057,R,マナとの交信,あなたのデッキの上から2枚のカードをマナ・ゾーンに置く。（それらは消耗したマナ・オーブである）,
2024-09,BTG-057,F,マナとの交信,"_一過_（私がリザーブに送られるなら、代わりに捨て札にする。）
あなたのデッキの一番上のカードをマナ・ゾーンに置く。（それらは消耗したマナ・オーブである）",
2024-09,BTG-058,C,身体のトレーニング,対象のキャラクターは3ブーストを得る。（ブーストは+1/+1/+1カウンターである。探検隊を離れるとき、ブーストはなくなる。）,
2024-09,BTG-058,R,身体のトレーニング,"対象のキャラクターは3ブーストを得る。（ブーストは+1/+1/+1カウンターである。探検隊を離れるとき、ブーストはなくなる。）
カードを1枚引く。",
2024-09,BTG-058,F,身体のトレーニング,対象のキャラクターは3ブーストを得る。（ブーストは+1/+1/+1カウンターである。探検隊を離れるとき、ブーストはなくなる。）,
2024-09,BTG-059,C,マナの噴出,"_一過_（私がリザーブに送られるなら、代わりに捨て札にする。）
あなたのマナ・オーブ1つを捨て札にする。そうしたなら、対象のキャラクターかパーマネントを捨て札にする。",
2024-09,BTG-059,R,マナの噴出,"_一過_（私がリザーブに送られるなら、代わりに捨て札にする。）
あなたのマナ・オーブ1つを捨て札にする。そうしたなら、対象のキャラクターかパーマネントを捨て札にする。",
2024-09,BTG-059,F,マナの噴出,"_一過_（私がリザーブに送られるなら、代わりに捨て札にする。）
あなたのマナ・オーブ1つを捨て札にする。そうしたなら、対象のキャラクターかパーマネントを捨て札にする。",
2024-09,BTG-060,C,ブラヴォスの要塞、ヘイヴン,"（ランドマーク。私が一過を得ることはない。）
あなたのキャラクターは「[ウラ]私は1ブーストを得る。」を持つ。",
2024-09,BTG-060,R,ブラヴォスの要塞、ヘイヴン,"（ランドマーク。私が一過を得ることはない。）
[両面]リサプライする。（あなたのデッキの一番上のカードをあなたのリザーブに置く。）
あなたのキャラクターは「[ウラ]私は1ブーストを得る。」を持つ。",
2024-09,BTG-060,F,ブラヴォスの要塞、ヘイヴン,"（ランドマーク。私が一過を得ることはない。）
[両面]リサプライする。（あなたのデッキの一番上のカードをあなたのリザーブに置く。）
[消耗]:このターン、次にあなたがあなたのリザーブからプレイするキャラクターは1ブーストを得る。",
2024-09,BTG-061,H,ネヴェンカとブロッチ,"[消耗]:あなたのコントロールするキャラクター1対を対象とする。6面ダイスを1個振る。
・6+, それは_アンカー_を得る。（休息時、それはリザーブに送られず、代わりにアンカーを失う。）
・2-5,それは1ブーストを得る。（ブーストは+1/+1/+1カウンターである。探検隊を離れるとき、ブーストはなくなる。）
・1, それをリザーブに送る。",
2024-09,BTG-062,H,オーラクとキブル,"あなたが0である基本スタッツを持つキャラクター1体をプレイした時-私はパフォーマンスカウンターを1個得る。
昼に-あなたはあなたのデッキの一番上のカードを公開するために私のパフォーマンスカウンター5個を支払ってもよい。あなたはそれを無料でプレイするか、それを手札に加える。（[表]効果は発動しない。）",
2024-09,BTG-063,H,フェンとクロウバール,"朝にカードを1枚しか引かない。その後、あなたの手札から1枚選ぶ代わりに、デッキの一番上のカードをマナ・ゾーンに置く。
昼に-リサプライする。（あなたのデッキの一番上のカードをあなたのリザーブに置く。）",植物のクローバーではなく、爪（クロウ）+バールでです。
2024-09,,C,マルチンゲール,,
2024-09,,R,マルチンゲール,,
2024-09,,F,マルチンゲール,,
2024-09,,C,ウロボロスのトリックスター,,
2024-09,,R,ウロボロスのトリックスター,,
2024-09,,F,ウロボロスのトリックスター,,
2024-09,,C,エスメラルダ,,
2024-09,,R,エスメラルダ,,
2024-09,,F,エスメラルダ,,
2024-09,,C,ライラの吟唱詩人,,
2024-09,,R,ライラの吟唱詩人,,
2024-09,,F,ライラの吟唱詩人,,
2024-09,,C,ライラの役者,,
2024-09,,R,ライラの役者,,
2024-09,,F,ライラの役者,,
2024-09,,C,ハトホル,,
2024-09,,R,ハトホル,,
2024-09,,F,ハトホル,,
2024-09,,C,ライラの航海士,,
2024-09,,R,ライラの航海士,,
2024-09,,F,ライラの航海士,,
2024-09,,C,アナンシ,,
2024-09,,R,アナンシ,,
2024-09,,F,アナンシ,,
2024-09,,C,ライラの布の踊り手,,
2024-09,,R,ライラの布の踊り手,,
2024-09,,F,ライラの布の踊り手,,
2024-09,,C,ライラの年代史家,,
2024-09,,R,ライラの年代史家,,
2024-09,,F,ライラの年代史家,,
2024-09,,C,ウロボロスのインク使い,,
2024-09,,R,ウロボロスのインク使い,,
2024-09,,F,ウロボロスのインク使い,,
2024-09,,C,狸,,
2024-09,,R,狸,,
2024-09,,F,狸,,
2024-09,,C,サンドマン,,
2024-09,,R,サンドマン,,
2024-09,,F,サンドマン,,
2024-09,,C,ウロボロスのクルーピエ,,
2024-09,,R,ウロボロスのクルーピエ,,
2024-09,,F,ウロボロスのクルーピエ,,
2024-09,,C,マッドハッター,,
2024-09,,R,マッドハッター,,
2024-09,,F,マッドハッター,,
2026-02,SDU-001,H,デラとボルト,[消耗]:場の対象のパーマネントかリザーブの対象のカードを非消耗にする。これのコストは、場の手札コスト[5]以上のパーマネントを対象にするなら[2]増える。,
2026-02,SDU-002,C,フェアの参加者、アイラ,能力なし,科学フェアの参加者であろうと思われます。
2026-02,SDU-002,R,フェアの参加者、アイラ,"[ウラ]あなたのランドマークに、マナシード トークン1個を生成する。（それは、「[消耗],私を生け贄に捧げる:マナ・オーブ1つを非消耗にする。」を持つパーマネントである。）",
2026-02,SDU-002,F,フェアの参加者、アイラ,"[ウラ]あなたのランドマークに、マナシード トークン1個を生成する。（それは、「[消耗],私を生け贄に捧げる:マナ・オーブ1つを非消耗にする。」を持つパーマネントである。）",
2026-02,SDU-003,C,アクシオムの機械工,[表]あなたは場の対象のパーマネントかリザーブの対象のカードを非消耗にしてもよい。,
2026-02,SDU-003,R,アクシオムの機械工,[表]あなたは場の対象のパーマネントかリザーブの対象のカードを非消耗にしてもよい。,
2026-02,SDU-003,F,アクシオムの機械工,[表]あなたは場の対象のパーマネントかリザーブの対象のカードを非消耗にしてもよい。,
2026-02,SDU-004,C,レオナルド・ダ・ヴィンチ,[ウラ]あなたはリサプライするためにあなたのコントロールするパーマネント1つを消耗してもよい。（あなたのデッキの一番上のカードをあなたのリザーブに置く。）,
2026-02,SDU-004,R,レオナルド・ダ・ヴィンチ,[ウラ]あなたはカードを1枚引くためにあなたのコントロールするパーマネント1つを消耗してもよい。,
2026-02,SDU-004,F,レオナルド・ダ・ヴィンチ,[ウラ]あなたはカードを1枚引くためにあなたのコントロールするパーマネント1つを消耗してもよい。,
2026-02,SDU-005,C,ニコラ・テスラ,[ウラ]あなたが消耗したパーマネントをコントロールしているか、あなたのリザーブに消耗したカードがあるなら、私は1ブーストを得る。（ブーストは+1/+1/+1カウンターである。探検隊を離れるとき、ブーストはなくなる。）,
2026-02,SDU-005,R,ニコラ・テスラ,[ウラ]あなたがコントロールしている消耗したパーマネントか、あなたのリザーブにある消耗したカード1つにつき、私は私の上に3ブーストを最大として1ブーストを得る。（ブーストは+1/+1/+1カウンターである。探検隊を離れるとき、ブーストはなくなる。）,
2026-02,SDU-005,F,ニコラ・テスラ,[ウラ]あなたがコントロールしている消耗したパーマネントか、あなたのリザーブにある消耗したカード1つにつき、私は私の上に3ブーストを最大として1ブーストを得る。（ブーストは+1/+1/+1カウンターである。探検隊を離れるとき、ブーストはなくなる。）,
2026-02,SDU-006,C,Tik-Tok,[表]あなたはあなたのコントロールするパーマネント1つかあなたのリザーブのカード1つを消耗する。（それは消耗している限り、サポート能力を失い、プレイできない。）,チクタクといったような意味だが、FTを見るに明らかに実在のサービス名を踏襲しているのでカード名もそうすればいいと思う。
2026-02,SDU-006,R,Tik-Tok,[表]各プレイヤー自分のコントロールするパーマネント1つか自分のリザーブのカード1つを消耗する。（それは消耗している限り、サポート能力を失い、プレイできない。）,
2026-02,SDU-006,F,Tik-Tok,[表]各プレイヤー自分のコントロールするパーマネント1つか自分のリザーブのカード1つを消耗する。（それは消耗している限り、サポート能力を失い、プレイできない。）,
2026-02,SDU-007,C,自動販売ボット,[ウラ]消耗リサプライする。（あなたのデッキの一番上のカードをあなたのリザーブに置く。それを消耗する。それは消耗している限り、サポート能力を失い、プレイできない。）,
2026-02,SDU-007,R,自動販売ボット,[ウラ]消耗リサプライする。（あなたのデッキの一番上のカードをあなたのリザーブに置く。それを消耗する。それは消耗している限り、サポート能力を失い、プレイできない。）,
2026-02,SDU-007,F,自動販売ボット,[ウラ]消耗リサプライする。（あなたのデッキの一番上のカードをあなたのリザーブに置く。それを消耗する。それは消耗している限り、サポート能力を失い、プレイできない。）,
2026-02,SDU-008,C,レカの有力者,"[ウラ]1つを選ぶ:
・サボタージュする。（リザーブのカード最大1枚を対象とし、それを捨て札にする。）
・あなたのランドマークに、マナシード トークン1個を生成する。（それは、「[消耗],私を生け贄に捧げる:マナ・オーブ1つを非消耗にする。」を持つパーマネントである。）",
2026-02,SDU-008,R,レカの有力者,"[ウラ]1つを選ぶか、両方を選ぶためにあなたのコントロールするパーマネント1つを消耗する:
・サボタージュする。（リザーブのカード最大1枚を対象とし、それを捨て札にする。）
・あなたのランドマークに、マナシード トークン1個を生成する。（それは、「[消耗],私を生け贄に捧げる:マナ・オーブ1つを非消耗にする。」を持つパーマネントである。）",
2026-02,SDU-008,F,レカの有力者,"[ウラ]1つを選ぶか、両方を選ぶためにあなたのコントロールするパーマネント1つを消耗する:
・サボタージュする。（リザーブのカード最大1枚を対象とし、それを捨て札にする。）
・あなたのランドマークに、マナシード トークン1個を生成する。（それは、「[消耗],私を生け贄に捧げる:マナ・オーブ1つを非消耗にする。」を持つパーマネントである。）",
2026-02,SDU-009,C,「攻殻」,[ウラ]あなたはカードを1枚引くためにあなたの手札のカード1枚をあなたのリザーブに置いてもよい。,攻殻機動隊が元ネタ？
2026-02,SDU-009,R,「攻殻」,[ウラ]あなたはカードを1枚引くためにあなたの手札のカード1枚をあなたのリザーブに置いてもよい。,
2026-02,SDU-009,F,「攻殻」,[ウラ]あなたはカードを1枚引くためにあなたの手札のカード1枚をあなたのリザーブに置いてもよい。,
2026-02,SDU-010,C,レカの生体技術者,"[両面]あなたはあなたのランドマークにマナシード トークン1個を生成するためにあなたのリザーブのカード1枚を消耗してもよい。（それは、「[消耗],私を生け贄に捧げる:マナ・オーブ1つを非消耗にする。」を持つパーマネントである。）",
2026-02,SDU-010,R,レカの生体技術者,"[両面]あなたはそのプレイヤーのランドマークにマナシード トークン1個を生成するためにいずれかのプレイヤーのリザーブのカード1枚を消耗してもよい。（それは、「[消耗],私を生け贄に捧げる:マナ・オーブ1つを非消耗にする。」を持つパーマネントである。）",
2026-02,SDU-010,F,レカの生体技術者,"[両面]あなたはそのプレイヤーのランドマークにマナシード トークン1個を生成するためにいずれかのプレイヤーのリザーブのカード1枚を消耗してもよい。（それは、「[消耗],私を生け贄に捧げる:マナ・オーブ1つを非消耗にする。」を持つパーマネントである。）",
2026-02,SDU-011,E,レカ六樹冠、スフーラ,"あなたが消耗しているパーマネントをコントロールしているなら、私のコストは[1]減る。
あなたのリザーブに消耗しているカードがあるなら、私のコストは[1]減る。
[両面]あなたのコントロールしているパーマネントか、あなたのリザーブのうちに合わせて4つ以上の消耗しているカードがあるなら、それらのうちの最大2つまでを非消耗にする。",四天王の6人版で、呼び方は正直なんでもいいが、レカ全体が大木なので木にあやかった名前にしてみた
2026-02,SDU-012,C,トーマス・エジソン,[両面]あなたはあなたのリザーブのキャラクター1つを捨て札にしてもよい。そうしたなら、それが私の物であるかのように、その[ウラ]能力の1つを起動してもよい。,
2026-02,SDU-012,R,トーマス・エジソン,[両面]あなたはあなたのリザーブのキャラクター2つまでを捨て札にしてもよい。そうしたなら、それが私の物であるかのように、その[ウラ]能力を2つまで起動してもよい。,
2026-02,SDU-012,F,トーマス・エジソン,[両面]あなたはあなたのリザーブのキャラクター2つまでを捨て札にしてもよい。そうしたなら、それが私の物であるかのように、その[ウラ]能力を2つまで起動してもよい。,
2026-02,SDU-013,C,失敗したデモ,"_一過_（私がリザーブに送られるなら、代わりに捨て札にする。）
あなたのリザーブのカード1つを消耗する。そうしたなら、対象の手札コスト[3]以下のキャラクターをリザーブに送る。",
2026-02,SDU-013,R,失敗したデモ,"クールダウン（私が私の効果の解決後にリザーブに置かれるなら、私を消耗する。それは消耗している限り、サポート能力を失い、プレイできない。）
あなたのリザーブのカード1つを消耗する。そうしたなら、対象の手札コスト[3]以下のキャラクターをリザーブに送る。",
2026-02,SDU-013,F,失敗したデモ,"_一過_（私がリザーブに送られるなら、代わりに捨て札にする。）
あなたのリザーブのカード1つを消耗する。そうしたなら、対象の手札コスト[3]以下のキャラクターをリザーブに送る。",
2026-02,SDU-014,C,技術的遭遇,"クールダウン（私が私の効果の解決後にリザーブに置かれるなら、私を消耗する。それは消耗している限り、サポート能力を失い、プレイできない。）
カードを1枚引く。その後、あなたのランドマークにマナシード トークン1個を生成する。（それは、「[消耗],私を生け贄に捧げる:マナ・オーブ1つを非消耗にする。」を持つパーマネントである。）",
2026-02,SDU-014,R,技術的遭遇,"クールダウン（私が私の効果の解決後にリザーブに置かれるなら、私を消耗する。それは消耗している限り、サポート能力を失い、プレイできない。）
カードを1枚引く。その後、あなたのランドマークにマナシード トークン1個を生成する。（それは、「[消耗],私を生け贄に捧げる:マナ・オーブ1つを非消耗にする。」を持つパーマネントである。）",
2026-02,SDU-014,F,技術的遭遇,"クールダウン（私が私の効果の解決後にリザーブに置かれるなら、私を消耗する。それは消耗している限り、サポート能力を失い、プレイできない。）
カードを1枚引く。その後、あなたのランドマークにマナシード トークン1個を生成する。（それは、「[消耗],私を生け贄に捧げる:マナ・オーブ1つを非消耗にする。」を持つパーマネントである。）",
2026-02,SDU-015,C,ファブラボユニット,"（私を探検隊にプレイする。私の探検隊が前進したなら、休息時に私をリザーブに送る。）
[消耗]:このターン、次にあなたの手札から私の探検隊にプレイされたキャラクターはその[ウラ]能力の1つを起動してもよい。",ファブラボは一般名詞であるらしい
2026-02,SDU-015,R,ファブラボユニット,"（私を探検隊にプレイする。私の探検隊が前進したなら、休息時に私をリザーブに送る。）
[消耗]:このターン、次にあなたの手札から私の探検隊にプレイされたキャラクターはその[ウラ]能力の1つを起動してもよい。その後、それは1ブーストを得る。（ブーストは+1/+1/+1カウンターである。探検隊を離れるとき、ブーストはなくなる。）",
2026-02,SDU-015,F,ファブラボユニット,"（私を探検隊にプレイする。私の探検隊が前進したなら、休息時に私をリザーブに送る。）
[消耗]:このターン、次にあなたの手札から私の探検隊にプレイされたキャラクターはその[ウラ]能力の1つを起動してもよい。",
2026-02,SDU-016,C,アクシオムの展示会,"（ランドマーク。私が一過を得ることはない。）
[消耗]:あなたのリザーブの対象のキャラクターは1ブーストを得る。その後、それを消耗する。（それは消耗している限り、サポート能力を失い、プレイできない。）（ブーストは+1/+1/+1カウンターである。探検隊を離れるとき、ブーストはなくなる。）",
2026-02,SDU-016,R,アクシオムの展示会,"（ランドマーク。私が一過を得ることはない。）
[消耗]:あなたのリザーブの対象のキャラクターは1ブーストを得る。その後、それを消耗する。（それは消耗している限り、サポート能力を失い、プレイできない。）
[消耗]:あなたのリザーブの対象のキャラクターは1ブーストを得る。その後、それを非消耗にする。（ブーストは+1/+1/+1カウンターである。探検隊を離れるとき、ブーストはなくなる。）",
2026-02,SDU-016,F,アクシオムの展示会,"（ランドマーク。私が一過を得ることはない。）
[消耗]:あなたのリザーブの対象のキャラクターは1ブーストを得る。その後、それを消耗する。（それは消耗している限り、サポート能力を失い、プレイできない。）
[消耗]:あなたのリザーブの対象のキャラクターは1ブーストを得る。その後、それを非消耗にする。（ブーストは+1/+1/+1カウンターである。探検隊を離れるとき、ブーストはなくなる。）",
2026-02,SDU-017,C,科学フェア,"（ランドマーク。私が一過を得ることはない。）
[消耗]:あなたの手札のカード1枚をリザーブに置く。そうしたなら、カードを1枚引く。",
2026-02,SDU-017,R,科学フェア,"（ランドマーク。私が一過を得ることはない。）
[両面]私を消耗する。
[消耗]:あなたの手札のカード1枚をリザーブに置き、その後それを消耗する。そうしたなら、カードを1枚引く。（それは消耗している限り、サポート能力を失い、プレイできない。）",
2026-02,SDU-017,F,科学フェア,"（ランドマーク。私が一過を得ることはない。）
[両面]私を消耗する。
[消耗]:あなたの手札のカード1枚をリザーブに置き、その後それを消耗する。そうしたなら、カードを1枚引く。（それは消耗している限り、サポート能力を失い、プレイできない。）",
2026-02,SDU-018,C,コンソーシアム,"（ランドマーク。私が一過を得ることはない。）
[両面]リサプライする。（あなたのデッキの一番上のカードをあなたのリザーブに置く。）
[消耗]:リザーブの対象のキャラクターは2ブーストを得る。（ブーストは+1/+1/+1カウンターである。探検隊を離れるとき、ブーストはなくなる。）",
2026-02,SDU-018,R,コンソーシアム,"（ランドマーク。私が一過を得ることはない。）
[消耗]:リサプライする。（あなたのデッキの一番上のカードをあなたのリザーブに置く。）その後、リザーブの対象のキャラクターは2ブーストを得る。（ブーストは+1/+1/+1カウンターである。探検隊を離れるとき、ブーストはなくなる。）",
2026-02,SDU-018,F,コンソーシアム,"（ランドマーク。私が一過を得ることはない。）
[両面]リサプライする。（あなたのデッキの一番上のカードをあなたのリザーブに置く。）
[消耗]:リザーブの対象のキャラクターは2ブーストを得る。（ブーストは+1/+1/+1カウンターである。探検隊を離れるとき、ブーストはなくなる。）",
2026-02,SDU-019,H,ソルとハルア,あなたが一番先にパスをした時-私は冒険カウンターを1個得る。その後、私が3つ以上の冒険カウンターを持っているなら、ハルア 2/2/2 リバイアサン コンパニオントークンをあなたのコンパニオンの探検隊に生成する。（それは、「あなたのヒーローが5個以上の冒険カウンターを持っているなら、私は巨大である。」を持つ。）（巨大であるなら、それはあなたの両方の探検隊に存在しているとみなす。）,
2026-02,SDU-020,C,モモンガ,[ウラ]私は1ブーストを得る。（ブーストは+1/+1/+1カウンターである。探検隊を離れるとき、ブーストはなくなる。）,
2026-02,SDU-020,R,モモンガ,[ウラ]私がコンタクト中なら、私は2ブーストを得る。そうでないなら、私は1ブーストを得る。（他のプレイヤーの探検隊が私の地域にいるなら、私はコンタクト中である。）,
2026-02,SDU-020,F,モモンガ,[ウラ]私がコンタクト中なら、私は2ブーストを得る。そうでないなら、私は1ブーストを得る。（他のプレイヤーの探検隊が私の地域にいるなら、私はコンタクト中である。）,
2026-02,SDU-021,C,気が利くダイバー,[両面]あなたはラッシュしてもよい。そうしないなら、対象の対戦相手は消耗リサプライする。（ラッシュするには、他のカード1枚をすぐにプレイする。）（あなたのデッキの一番上のカードをあなたのリザーブに置く。それを消耗する。それは消耗している限り、サポート能力を失い、プレイできない。）,
2026-02,SDU-021,R,気が利くダイバー,[両面]あなたはラッシュしてもよい。そうしないなら、対象の対戦相手は消耗リサプライする。（ラッシュするには、他のカード1枚をすぐにプレイする。）（あなたのデッキの一番上のカードをあなたのリザーブに置く。それを消耗する。それは消耗している限り、サポート能力を失い、プレイできない。）,
2026-02,SDU-021,F,気が利くダイバー,[両面]あなたはラッシュしてもよい。そうしないなら、対象の対戦相手は消耗リサプライする。（ラッシュするには、他のカード1枚をすぐにプレイする。）（あなたのデッキの一番上のカードをあなたのリザーブに置く。それを消耗する。それは消耗している限り、サポート能力を失い、プレイできない。）,
2026-02,SDU-022,C,ブラヴォスの見張り,[ウラ]私は1ブーストを得る。（ブーストは+1/+1/+1カウンターである。探検隊を離れるとき、ブーストはなくなる。）,
2026-02,SDU-022,R,ブラヴォスの見張り,"[ウラ]私は2ブーストを得る。（ブーストは+1/+1/+1カウンターである。探検隊を離れるとき、ブーストはなくなる。）
<サポート>捨て札:このターン、あなたが次にプレイしたキャラクターの[ウラ]能力の1つを発動する。",
2026-02,SDU-022,F,ブラヴォスの見張り,"[ウラ]私は2ブーストを得る。（ブーストは+1/+1/+1カウンターである。探検隊を離れるとき、ブーストはなくなる。）
<サポート>捨て札:このターン、あなたが次にプレイしたキャラクターの[ウラ]能力の1つを発動する。",
2026-02,SDU-023,C,イザベル・レザム,[ウラ]あなたはリサプライするためにラッシュしてもよい。（ラッシュするには、他のカード1枚をすぐにプレイする。）（あなたのデッキの一番上のカードをあなたのリザーブに置く。）,
2026-02,SDU-023,R,イザベル・レザム,[ウラ]リサプライする。その後、あなたはラッシュしてもよい。（あなたのデッキの一番上のカードをあなたのリザーブに置く。）（ラッシュするには、他のカード1枚をすぐにプレイする。）,
2026-02,SDU-023,F,イザベル・レザム,[ウラ]リサプライする。その後、あなたはラッシュしてもよい。（あなたのデッキの一番上のカードをあなたのリザーブに置く。）（ラッシュするには、他のカード1枚をすぐにプレイする。）,
2026-02,SDU-024,C,レカの艇長,"私の探検隊が前進する時-あなたのランドマークにマナシード トークン1個を生成する。（それは、「［消耗］,私を生け贄に捧げる:マナ・オーブ1つを非消耗にする。」を持つパーマネントである。）",
2026-02,SDU-024,R,レカの艇長,"[ウラ]私は1ブーストを得る。（ブーストは+1/+1/+1カウンターである。探検隊を離れるとき、ブーストはなくなる。）
私の探検隊が前進する時-あなたのランドマークにマナシード トークン1個を生成する。（それは、「［消耗］,私を生け贄に捧げる:マナ・オーブ1つを非消耗にする。」を持つパーマネントである。）",
2026-02,SDU-024,F,レカの艇長,"私の探検隊が前進する時-あなたのランドマークにマナシード トークン1個を生成する。（それは、「［消耗］,私を生け贄に捧げる:マナ・オーブ1つを非消耗にする。」を持つパーマネントである。）",
2026-02,SDU-025,C,深い雲のインストラクター,"[表]あなたはキャラクター1体をラッシュしてもよい。手札からプレイしたなら、それはその[ウラ]能力の1つを起動する。（ラッシュするには、他のカード1枚をすぐにプレイする。）
[ウラ]私は2ブーストを得る。（ブーストは+1/+1/+1カウンターである。探検隊を離れるとき、ブーストはなくなる。）",濃い雲はthick cloudやdark cloudである。deep-cloudも似たような意味であると思われる。
2026-02,SDU-025,R,深い雲のインストラクター,"[両面]あなたはキャラクター1体をラッシュしてもよい。手札からプレイしたなら、それはその[ウラ]能力の1つを起動する。（ラッシュするには、他のカード1枚をすぐにプレイする。）
[ウラ]私は1ブーストを得る。（ブーストは+1/+1/+1カウンターである。探検隊を離れるとき、ブーストはなくなる。）",
2026-02,SDU-025,F,深い雲のインストラクター,"[両面]あなたはキャラクター1体をラッシュしてもよい。手札からプレイしたなら、それはその[ウラ]能力の1つを起動する。（ラッシュするには、他のカード1枚をすぐにプレイする。）
[ウラ]私は1ブーストを得る。（ブーストは+1/+1/+1カウンターである。探検隊を離れるとき、ブーストはなくなる。）",
2026-02,SDU-026,C,ブラヴォスの雲攻め,[ウラ]サボタージュする。こうしてキャラクターカードを捨て札にしたなら、私は1ブーストを得る。（リザーブのカード最大1枚を対象とし、それを捨て札にする。）,hogは貪欲な奴というスラング。雲にばかりアタックしたがるエアサーファーといったところ。
2026-02,SDU-026,R,ブラヴォスの雲攻め,[ウラ]サボタージュする。こうしてキャラクターカードを捨て札にしたなら、私は2ブーストを得て、そうでないなら私は1ブーストを得る。（リザーブのカード最大1枚を対象とし、それを捨て札にする。）,
2026-02,SDU-026,F,ブラヴォスの雲攻め,[ウラ]サボタージュする。こうしてキャラクターカードを捨て札にしたなら、私は2ブーストを得て、そうでないなら私は1ブーストを得る。（リザーブのカード最大1枚を対象とし、それを捨て札にする。）,
2026-02,SDU-027,C,レカの行商人,"[ウラ]私は_一過_を失う。その後、対象の対戦相手のランドマークに、マナシード トークン1個を生成する。（それは、「[消耗],私を生け贄に捧げる:マナ・オーブ1つを非消耗にする。」を持つパーマネントである。）",
2026-02,SDU-027,R,レカの行商人,"[ウラ]あなたは対象の対戦相手のランドマークにマナシード トークン1個を生成してもよい。そうしたなら、私は_一過_を失う。（それは、「[消耗],私を生け贄に捧げる:マナ・オーブ1つを非消耗にする。」を持つパーマネントである。）",
2026-02,SDU-027,F,レカの行商人,"[ウラ]あなたは対象の対戦相手のランドマークにマナシード トークン1個を生成してもよい。そうしたなら、私は_一過_を失う。（それは、「[消耗],私を生け贄に捧げる:マナ・オーブ1つを非消耗にする。」を持つパーマネントである。）",
2026-02,SDU-028,C,ヘイヴンの訓練者,[表]あなたはラッシュしてもよい。（ラッシュするには、他のカード1枚をすぐにプレイする。）こうしてあなたがリザーブからカードをプレイするなら、あなたはそのリザーブコストの代わりに手札コストを支払ってもよい。,BTGにいたhaven traineeのセルフパロディ。ヘイヴンはブラヴォスの要塞の名前で、固有名詞。
2026-02,SDU-028,R,ヘイヴンの訓練者,[両面]あなたはラッシュしてもよい。（ラッシュするには、他のカード1枚をすぐにプレイする。）こうしてあなたがリザーブからカードをプレイするなら、あなたはそのリザーブコストの代わりに手札コストを支払ってもよい。,
2026-02,SDU-028,F,ヘイヴンの訓練者,[両面]あなたはラッシュしてもよい。（ラッシュするには、他のカード1枚をすぐにプレイする。）こうしてあなたがリザーブからカードをプレイするなら、あなたはそのリザーブコストの代わりに手札コストを支払ってもよい。,
2026-02,SDU-029,C,オウムガイ,<サポート>捨て札:このターン、あなたが次にプレイしたキャラクターの[ウラ]能力の1つを発動する。,kedarmはパラオ語でオウムガイという意味らしい
2026-02,SDU-029,R,オウムガイ,"私が探検隊からリザーブに置かれた時-あなたはあなたのリザーブの対象の他のキャラクター1体をあなたの手札に戻してもよい。
<サポート>捨て札:このターン、あなたが次にプレイしたキャラクターの[ウラ]能力の1つを発動する。",
2026-02,SDU-029,F,オウムガイ,"私が探検隊からリザーブに置かれた時-あなたはあなたのリザーブの対象の他のキャラクター1体をあなたの手札に戻してもよい。
<サポート>捨て札:このターン、あなたが次にプレイしたキャラクターの[ウラ]能力の1つを発動する。",
2026-02,SDU-030,C,生き分かれた兄弟,[ウラ]あなたはカードを1枚引くために[1]を支払ってもよい。,
2026-02,SDU-030,R,生き分かれた兄弟,あなたが一番先にパスした時-あなたはカードを1枚引くために[1]を支払ってもよい。,
2026-02,SDU-030,F,生き分かれた兄弟,あなたが一番先にパスした時-あなたはカードを1枚引くために[1]を支払ってもよい。,
2026-02,SDU-031,C,レカの釣り人,"[ウラ]あなたのランドマークに、マナシード トークン2個を生成する。（それは、「[消耗],私を生け贄に捧げる:マナ・オーブ1つを非消耗にする。」を持つパーマネントである。）",
2026-02,SDU-031,R,レカの釣り人,"[ウラ]カードを1枚引く。
[ウラ]あなたのランドマークに、マナシード トークン2個を生成する。（それは、「[消耗],私を生け贄に捧げる:マナ・オーブ1つを非消耗にする。」を持つパーマネントである。）",
2026-02,SDU-031,F,レカの釣り人,"[ウラ]カードを1枚引く。
[ウラ]あなたのランドマークに、マナシード トークン2個を生成する。（それは、「[消耗],私を生け贄に捧げる:マナ・オーブ1つを非消耗にする。」を持つパーマネントである。）",
2026-02,SDU-032,C,ネペレー,"[両面]あなたはパスしてもよい。そうしないなら、対象の対戦相手のランドマークに、マナシード トークン1個を生成する。（それは、「[消耗],私を生け贄に捧げる:マナ・オーブ1つを非消耗にする。」を持つパーマネントである。）",
2026-02,SDU-032,R,ネペレー,"[両面]あなたはパスしてもよい。そうしたなら、対象の他のプレイヤー1人のランドマークに、マナシード トークン1個を生成する。（それは、「[消耗],私を生け贄に捧げる:マナ・オーブ1つを非消耗にする。」を持つパーマネントである。）",
2026-02,SDU-032,F,ネペレー,"[両面]あなたはパスしてもよい。そうしたなら、対象の他のプレイヤー1人のランドマークに、マナシード トークン1個を生成する。（それは、「[消耗],私を生け贄に捧げる:マナ・オーブ1つを非消耗にする。」を持つパーマネントである。）",
2026-02,SDU-033,E,レカ六樹冠、ワナックス,"このターン、あなたがプレイしたカード1枚につき、私のコストは[1]減る。
[両面]パスする。",今日の午後ではないことに注意。
2026-02,SDU-034,C,市場的遭遇,"あなたのランドマークに、マナシード トークン1個を生成する。（それは、「[消耗],私を生け贄に捧げる:マナ・オーブ1つを非消耗にする。」を持つパーマネントである。）
<サポート>[捨て札]:このターン、あなたが次にプレイしたキャラクターの[ウラ]能力の1つを発動する。",〇〇的遭遇サイクル。
2026-02,SDU-034,R,市場的遭遇,"あなたのデッキの一番上のカードをあなたのマナ・ゾーンに置く。（それらは消耗したマナ・オーブである）
<サポート>[捨て札]:このターン、あなたが次にプレイしたキャラクターの[ウラ]能力の1つを発動する。",
2026-02,SDU-034,F,市場的遭遇,"あなたのランドマークに、マナシード トークン1個を生成する。（それは、「[消耗],私を生け贄に捧げる:マナ・オーブ1つを非消耗にする。」を持つパーマネントである。）
<サポート>[捨て札]:このターン、あなたが次にプレイしたキャラクターの[ウラ]能力の1つを発動する。",
2026-02,SDU-035,C,今日の釣果,"他のプレイヤーのコントロールする対象のキャラクターを持ち主の手札に戻す。その後、そのプレイヤーのランドマークにマナシード トークン1個を生成する。（それは、「[消耗],私を生け贄に捧げる:マナ・オーブ1つを非消耗にする。」を持つパーマネントである。）",
2026-02,SDU-035,R,今日の釣果,"他のプレイヤーのコントロールする対象のキャラクターを持ち主の手札に戻す。その後、あなたのランドマークにマナシード トークン1個を生成する。（それは、「[消耗],私を生け贄に捧げる:マナ・オーブ1つを非消耗にする。」を持つパーマネントである。）",
2026-02,SDU-035,F,今日の釣果,"他のプレイヤーのコントロールする対象のキャラクターを持ち主の手札に戻す。その後、そのプレイヤーのランドマークにマナシード トークン1個を生成する。（それは、「[消耗],私を生け贄に捧げる:マナ・オーブ1つを非消耗にする。」を持つパーマネントである。）",
2026-02,SDU-036,C,ライダーマスク,"（私を探検隊にプレイする。私の探検隊が前進したなら、休息時に私をリザーブに送る。）
[消耗],[1]:このターン、次に私の探検隊に加わるキャラクターは2ブーストを得る。（ブーストは+1/+1/+1カウンターである。探検隊を離れるとき、ブーストはなくなる。）",
2026-02,SDU-036,R,ライダーマスク,"（私を探検隊にプレイする。私の探検隊が前進したなら、休息時に私をリザーブに送る。）
私の探検隊のブースト中のキャラクターはそれぞれタフ1を持つ。（対戦相手が私を対象にするなら、[1]を追加で支払う。）
[消耗],[X]:このターン、次に私の探検隊に加わるキャラクターはXブーストを得る。（ブーストは+1/+1/+1カウンターである。探検隊を離れるとき、ブーストはなくなる。）",
2026-02,SDU-036,F,ライダーマスク,"（私を探検隊にプレイする。私の探検隊が前進したなら、休息時に私をリザーブに送る。）
[消耗],[1]:このターン、次に私の探検隊に加わるキャラクターは2ブーストを得る。（ブーストは+1/+1/+1カウンターである。探検隊を離れるとき、ブーストはなくなる。）",
2026-02,SDU-037,H,ナディアとバブルス,"私は森、山、海の地形マーカーを1つずつ持ってゲームを開始する。
昼に-あなたは私の地形マーカーのうち1つを、対象の見えている地域に置いてもよい。（その地域は、地形マーカーが置かれている限り、そのマーカーの地形のみを持ち、そのほかの地形を失う。）",
2026-02,SDU-038,C,ピノキオ,能力なし,
2026-02,SDU-038,R,ピノキオ,[ウラ]あなたがコントロールしているキャラクターのうちに3つ以上の0である基本スタッツがあるなら、カードを1枚引く。,
2026-02,SDU-038,F,ピノキオ,[ウラ]あなたがコントロールしているキャラクターのうちに3つ以上の0である基本スタッツがあるなら、カードを1枚引く。,
2026-02,SDU-039,C,レカのガイド,<サポート>[捨て札]:あなたのリザーブの他のキャラクター1体をあなたの手札に戻す。,
2026-02,SDU-039,R,レカのガイド,<サポート>[捨て札]:あなたのリザーブの他のキャラクター1体をあなたの手札に戻す。,
2026-02,SDU-039,F,レカのガイド,<サポート>[捨て札]:あなたのリザーブの他のキャラクター1体をあなたの手札に戻す。,
2026-02,SDU-040,C,レカのジップライン乗り,能力なし,
2026-02,SDU-040,R,レカのジップライン乗り,"[表]私が海にいるなら、あなたのランドマークにマナシード トークン1個を生成する。（それは、「[消耗],私を生け贄に捧げる:マナ・オーブ1つを非消耗にする。」を持つパーマネントである。）",
2026-02,SDU-040,F,レカのジップライン乗り,"[表]私が海にいるなら、あなたのランドマークにマナシード トークン1個を生成する。（それは、「[消耗],私を生け贄に捧げる:マナ・オーブ1つを非消耗にする。」を持つパーマネントである。）",
2026-02,SDU-041,C,レカのバーメイド,夕方に-私がコンタクト中なら、私は1ブーストを得る。（他のプレイヤーの探検隊が私の地域にいるなら、私はコンタクト中である。）（ブーストは+1/+1/+1カウンターである。探検隊を離れるとき、ブーストはなくなる。）,
2026-02,SDU-041,R,レカのバーメイド,"夕方に-私がコンタクト中なら、私は1ブーストを得る。（他のプレイヤーの探検隊が私の地域にいるなら、私はコンタクト中である。）（ブーストは+1/+1/+1カウンターである。探検隊を離れるとき、ブーストはなくなる。）
<サポート>[捨て札]:このターン、次にあなたがプレイするキャラクターは1ブーストを得る。",
2026-02,SDU-041,F,レカのバーメイド,"夕方に-私がコンタクト中なら、私は1ブーストを得る。（他のプレイヤーの探検隊が私の地域にいるなら、私はコンタクト中である。）（ブーストは+1/+1/+1カウンターである。探検隊を離れるとき、ブーストはなくなる。）
<サポート>[捨て札]:このターン、次にあなたがプレイするキャラクターは1ブーストを得る。",
2026-02,SDU-042,C,夜の盛り上げ役、ニャラ,[表]私がコンタクト中なら、あなたはあなたのリザーブのカード1枚をあなたの手札のカード1枚と交換してもよい。,TBFにもいた人
2026-02,SDU-042,R,夜の盛り上げ役、ニャラ,"[表]私がコンタクト中なら、あなたはあなたのリザーブのカード1枚をあなたの手札のカード1枚と交換してもよい。
<サポート>[捨て札]:あなたのリザーブの他のカード1枚をあなたの手札のカード1枚と交換する。",
2026-02,SDU-042,F,夜の盛り上げ役、ニャラ,"[表]私がコンタクト中なら、あなたはあなたのリザーブのカード1枚をあなたの手札のカード1枚と交換してもよい。
<サポート>[捨て札]:あなたのリザーブの他のカード1枚をあなたの手札のカード1枚と交換する。",
2026-02,SDU-043,C,都市探検の専門家,私がコンタクト中なら、私の森と山と海のスタッツは私のそれらの最大のスタッツに等しい。（他のプレイヤーの探検隊が私の地域にいるなら、私はコンタクト中である。）,
2026-02,SDU-043,R,都市探検の専門家,"私がコンタクト中なら、私の森と山と海のスタッツは私のそれらの最大のスタッツに等しい。（他のプレイヤーの探検隊が私の地域にいるなら、私はコンタクト中である。）
[両面]私がコンタクト中でないなら、私は1ブーストを得る。（ブーストは+1/+1/+1カウンターである。探検隊を離れるとき、ブーストはなくなる。）",
2026-02,SDU-043,F,都市探検の専門家,"私が森にいるなら、私の森と山と海のスタッツは私のそれらの最大のスタッツに等しい。
[両面]私が森にいないなら、私は1ブーストを得る。（ブーストは+1/+1/+1カウンターである。探検隊を離れるとき、ブーストはなくなる。）",
2026-02,SDU-044,C,チャリオットレーサー、ディオクレス,"私は開始時の地域にはプレイできない。
[両面]私の探検隊は1地域後退する。
私が探検隊を離れた時-私の探検隊は1地域前進する。",音写しただけやないかい
2026-02,SDU-044,R,チャリオットレーサー、ディオクレス,"私を開始時の地域にプレイするなら、追加で[3]を支払う。
[両面]私の探検隊は1地域後退する。
私が探検隊を離れた時-私の探検隊は1地域前進する。",
2026-02,SDU-044,F,チャリオットレーサー、ディオクレス,"私を開始時の地域にプレイするなら、追加で[3]を支払う。
[両面]私の探検隊は1地域後退する。
私が探検隊を離れた時-私の探検隊は1地域前進する。",
2026-02,SDU-045,C,ナイトクラブの用心棒,[表]私がコンタクト中なら、サボタージュする。（他のプレイヤーの探検隊が私の地域にいるなら、私はコンタクト中である。）（リザーブのカード最大1枚を対象とし、それを捨て札にする。）,
2026-02,SDU-045,R,ナイトクラブの用心棒,[表]私がコンタクト中なら、サボタージュする。そうでないなら、リザーブの対象のカードを消耗する。（他のプレイヤーの探検隊が私の地域にいるなら、私はコンタクト中である。）（リザーブのカード最大1枚を対象とし、それを捨て札にする。）（それは消耗している限り、サポート能力を失い、プレイできない。）,
2026-02,SDU-045,F,ナイトクラブの用心棒,[表]私がコンタクト中なら、サボタージュする。そうでないなら、リザーブの対象のカードを消耗する。（他のプレイヤーの探検隊が私の地域にいるなら、私はコンタクト中である。）（リザーブのカード最大1枚を対象とし、それを捨て札にする。）（それは消耗している限り、サポート能力を失い、プレイできない。）,
2026-02,SDU-046,C,チェシャ猫,[表]私がコンタクト中なら、あなたは対象のキャラクターの探検隊を入れ替えてもよい。（他のプレイヤーの探検隊が私の地域にいるなら、私はコンタクト中である。）,
2026-02,SDU-046,R,チェシャ猫,[表]私がコンタクト中なら、あなたは対象のキャラクターの探検隊を入れ替えてもよい。（他のプレイヤーの探検隊が私の地域にいるなら、私はコンタクト中である。）,
2026-02,SDU-046,F,チェシャ猫,[表]私がコンタクト中なら、あなたは対象のキャラクターの探検隊を入れ替えてもよい。（他のプレイヤーの探検隊が私の地域にいるなら、私はコンタクト中である。）,
2026-02,SDU-047,C,ドン・ファン,私が探検隊からリザーブに置かれるなら、代わりに私は_一過_を得て亡命する。（私がリザーブに送られるなら、代わりに捨て札にする。）（それはコントローラーを変更し、それの相対している探検隊に加わる。）,
2026-02,SDU-047,R,ドン・ファン,私が探検隊からリザーブに置かれるなら、代わりに私は_一過_を得て亡命する。（私がリザーブに送られるなら、代わりに捨て札にする。）（それはコントローラーを変更し、それの相対している探検隊に加わる。）,
2026-02,SDU-047,F,ドン・ファン,私が探検隊からリザーブに置かれるなら、代わりに私は_一過_を得て亡命する。（私がリザーブに送られるなら、代わりに捨て札にする。）（それはコントローラーを変更し、それの相対している探検隊に加わる。）,
2026-02,SDU-048,C,ホステルの夜番,"あなたはキャラクター1体を対象としてもよい。そうしたなら、それは_睡眠_を得て、その後そのコントローラーのランドマークにマナシード トークン1個を生成する。（夕方、私のスタッツを無視する。休息時、それはリザーブに送られず、代わりに睡眠を失う。）（それは、「［消耗］,私を生け贄に捧げる:マナ・オーブ1つを非消耗にする。」を持つパーマネントである。）",
2026-02,SDU-048,R,ホステルの夜番,"あなたはキャラクター1体を対象としてもよい。そうしたなら、それは_睡眠_を得る。あなたがそれをコントロールしていたなら、その後あなたのランドマークにマナシード トークン1個を生成する。（夕方、私のスタッツを無視する。休息時、それはリザーブに送られず、代わりに睡眠を失う。）（それは、「［消耗］,私を生け贄に捧げる:マナ・オーブ1つを非消耗にする。」を持つパーマネントである。）",
2026-02,SDU-048,F,ホステルの夜番,"あなたはキャラクター1体を対象としてもよい。そうしたなら、それは_睡眠_を得て、その後そのコントローラーのランドマークにマナシード トークン1個を生成する。（夕方、私のスタッツを無視する。休息時、それはリザーブに送られず、代わりに睡眠を失う。）（それは、「［消耗］,私を生け贄に捧げる:マナ・オーブ1つを非消耗にする。」を持つパーマネントである。）",
2026-02,SDU-049,C,ライラのDJ,私をコンタクト中の探検隊にプレイするなら、あなたはコストを[2]減らして私をプレイしてもよい。（他のプレイヤーの探検隊がその地域にいるなら、それはコンタクト中である。）,
2026-02,SDU-049,R,ライラのDJ,"私をコンタクト中の探検隊にプレイするなら、あなたはコストを[2]減らして私をプレイしてもよい。（他のプレイヤーの探検隊がその地域にいるなら、それはコンタクト中である。）
[両面]あなたの各探検隊がコンタクト中なら、カードを1枚引く。",
2026-02,SDU-049,F,ライラのDJ,"私をコンタクト中の探検隊にプレイするなら、あなたはコストを[2]減らして私をプレイしてもよい。（他のプレイヤーの探検隊がその地域にいるなら、それはコンタクト中である。）
[両面]あなたの各探検隊がコンタクト中なら、カードを1枚引く。",
2026-02,SDU-050,E,レカ六樹冠、ポイボス,[表]対象の対戦相手は自分の手札から無作為なカード1枚を公開する。私がコンタクト中なら、あなたはそれを即座に無料でプレイしてもよく、それは_一過_を得る。そうでないなら、そのカードを捨て札にする。,
2026-02,SDU-051,C,ピンクに塗れ！,"_一過_（私がリザーブに送られるなら、代わりに捨て札にする。）
あなたの探検隊の少なくとも1つがコンタクト中なら、私のコストを[1]減らしてプレイしてもよい。（他のプレイヤーの探検隊が私の地域にいるなら、私はコンタクト中である。）
対象のキャラクターかパーマネントをその持ち主のデッキの一番上に戻す。",splatoonでイカを倒してリスポーン地点に戻すのが元ネタ？
2026-02,SDU-051,R,ピンクに塗れ！,"_一過_（私がリザーブに送られるなら、代わりに捨て札にする。）
コンタクト中であるあなたの探検隊1つにつき、私のコストを[1]減らしてプレイしてもよい。（他のプレイヤーの探検隊が私の地域にいるなら、私はコンタクト中である。）
対象のキャラクターかパーマネントをその持ち主のデッキの一番上に戻す。",
2026-02,SDU-051,F,ピンクに塗れ！,"_一過_（私がリザーブに送られるなら、代わりに捨て札にする。）
コンタクト中であるあなたの探検隊1つにつき、私のコストを[1]減らしてプレイしてもよい。（他のプレイヤーの探検隊が私の地域にいるなら、私はコンタクト中である。）
対象のキャラクターかパーマネントをその持ち主のデッキの一番上に戻す。",
2026-02,SDU-052,C,情熱的遭遇,対象の対戦相手は自分のデッキの上から4枚のカードを公開する。あなたはそれらのカードのうちキャラクター1つを無料でプレイしてもよく、それは_一過_を得る。残りを捨て札にする。（私がリザーブに送られるなら、代わりに捨て札にする。）,アケシャとTBFにいたサスキア？
2026-02,SDU-052,R,情熱的遭遇,"_一過_（私がリザーブに送られるなら、代わりに捨て札にする。） （リザーブからプレイするならリザーブコスト、そうでないなら手札コストである。）
あなたから始めて、各プレイヤーについて以下を行う:
・そのプレイヤーは自分のデッキの上から4枚のカードを公開する。あなたはそれらのカードのうち基本コスト[3]以下のキャラクター1つを無料でプレイしてもよく、それは_一過_を得る。残りを捨て札にする。（私がリザーブに送られるなら、代わりに捨て札にする。）",
2026-02,SDU-052,F,情熱的遭遇,"_一過_（私がリザーブに送られるなら、代わりに捨て札にする。）
あなたから始めて、各プレイヤーについて以下を行う:
・そのプレイヤーは自分のデッキの上から4枚のカードを公開する。あなたはそれらのカードのうち基本コスト[3]以下のキャラクター1つを無料でプレイしてもよく、それは_一過_を得る。残りを捨て札にする。（私がリザーブに送られるなら、代わりに捨て札にする。）（リザーブからプレイするならリザーブコスト、そうでないなら手札コストである。）",
2026-02,SDU-053,C,レカのヘッドセット,"（私を探検隊にプレイする。私の探検隊が前進したなら、休息時に私をリザーブに送る。） 
私の探検隊とそれの各キャラクターはコンタクト中であるとみなす。（他のプレイヤーの探検隊が私の地域にいるのでなくても。）
[消耗]:このターン、次に私の探検隊に加わるキャラクターは1ブーストを得る。（ブーストは+1/+1/+1カウンターである。探検隊を離れるとき、ブーストはなくなる。）",
2026-02,SDU-053,R,レカのヘッドセット,"（私を探検隊にプレイする。私の探検隊が前進したなら、休息時に私をリザーブに送る。） 
私の探検隊とそれの各キャラクターはコンタクト中であるとみなす。（他のプレイヤーの探検隊が私の地域にいるのでなくても。）
[消耗]:このターン、次に私の探検隊に加わるキャラクターは1ブーストを得る。（ブーストは+1/+1/+1カウンターである。探検隊を離れるとき、ブーストはなくなる。）",
2026-02,SDU-053,F,レカのヘッドセット,"（私を探検隊にプレイする。私の探検隊が前進したなら、休息時に私をリザーブに送る。） 
私の探検隊は遅れているとみなす。（それが相対している探検隊より先んじているか同地であったとしても。）
[消耗]:このターン、次に私の探検隊に加わるキャラクターは1ブーストを得る。（ブーストは+1/+1/+1カウンターである。探検隊を離れるとき、ブーストはなくなる。）",
2026-02,SDU-054,C,ケーブルカー駅,"（ランドマーク。私が一過を得ることはない。）
[両面]リサプライし、その後私は移動カウンターを2個得る。（あなたのデッキの一番上のカードをあなたのリザーブに置く。）
[消耗],私の移動カウンター1個を支払う:あなたの探検隊の1つは1地域後退する。そうしたなら、あなたの他の探検隊は1地域前進する。",
2026-02,SDU-054,R,ケーブルカー駅,"（ランドマーク。私が一過を得ることはない。）
[両面]カードを1枚引き、その後私は移動カウンターを2個得る。
[消耗],私の移動カウンター1個を支払う:あなたの探検隊の1つは1地域後退する。そうしたなら、あなたの他の探検隊は1地域前進する。",
2026-02,SDU-054,F,ケーブルカー駅,"（ランドマーク。私が一過を得ることはない。）
[両面]カードを1枚引き、その後私は移動カウンターを2個得る。
[消耗],私の移動カウンター1個を支払う:あなたの探検隊の1つは1地域後退する。そうしたなら、あなたの他の探検隊は1地域前進する。",
2026-02,SDU-055,H,トゥルーンとベニー,"あなたが贈り物をした時-あなたはそれを自分も受け取るために私を消耗してもよい。（あなたのターンに対戦相手1人がカードを1枚引くか、リサプライするか、トークンを受け取ったなら、それは贈り物である。）
最初の日の間、私の能力は無視する。",モンゴル語のтуруунでトゥルーン。原文ではGiftのみがキーワード扱いですが、日本語ではmake giftの熟語を分解して記述することはできなかったです。
2026-02,SDU-056,C,気前のよいレカ市民,能力なし,
2026-02,SDU-056,R,気前のよいレカ市民,"[両面]各プレイヤーのランドマークに、マナシード トークン1個を生成する。（それは、「[消耗],私を生け贄に捧げる:マナ・オーブ1つを非消耗にする。」を持つパーマネントである。）",
2026-02,SDU-056,F,気前のよいレカ市民,"[両面]各プレイヤーのランドマークに、マナシード トークン1個を生成する。（それは、「[消耗],私を生け贄に捧げる:マナ・オーブ1つを非消耗にする。」を持つパーマネントである。）",
2026-02,SDU-057,C,ウサギの農家,あなたが贈り物をした時-私がブーストを持っていないなら、私は1ブーストを得る。（あなたのターンに対戦相手1人がカードを1枚引くか、リサプライするか、トークンを受け取ったなら、それは贈り物である。）,
2026-02,SDU-057,R,ウサギの農家,あなたが贈り物をした時-私がブーストを持っていないなら、私は1ブーストを得る。（あなたのターンに対戦相手1人がカードを1枚引くか、リサプライするか、トークンを受け取ったなら、それは贈り物である。）,
2026-02,SDU-057,F,ウサギの農家,あなたが贈り物をした時-私がブーストを持っていないなら、私は1ブーストを得る。（あなたのターンに対戦相手1人がカードを1枚引くか、リサプライするか、トークンを受け取ったなら、それは贈り物である。）,
2026-02,SDU-058,C,レカの採集者,"<サポート>[捨て札]:各プレイヤーのランドマークに、マナシード トークン1個を生成する。（それは、「[消耗],私を生け贄に捧げる:マナ・オーブ1つを非消耗にする。」を持つパーマネントである。）",収集だと廃棄物の文脈に聞こえるため採集としました。
2026-02,SDU-058,R,レカの採集者,"昼に-あなたのランドマークに、マナシード トークン1個を生成する。（それは、「[消耗],私を生け贄に捧げる:マナ・オーブ1つを非消耗にする。」を持つパーマネントである。）
<サポート>[捨て札]:各プレイヤーのランドマークに、マナシード トークン1個を生成する。",
2026-02,SDU-058,F,レカの採集者,"昼に-あなたのランドマークに、マナシード トークン1個を生成する。（それは、「[消耗],私を生け贄に捧げる:マナ・オーブ1つを非消耗にする。」を持つパーマネントである。）
<サポート>[捨て札]:各プレイヤーのランドマークに、マナシード トークン1個を生成する。",
2026-02,SDU-059,C,レカの小売商,"[ウラ]リサプライする。（あなたのデッキの一番上のカードをあなたのリザーブに置く。）その後、対象の対戦相手のランドマークに、マナシード トークン1個を生成する。（それは、「[消耗],私を生け贄に捧げる:マナ・オーブ1つを非消耗にする。」を持つパーマネントである。）",
2026-02,SDU-059,R,レカの小売商,"[ウラ]あなたのデッキの一番上のカードをあなたのマナ・ゾーンに置く。（それらは消耗したマナ・オーブである）その後、対象の対戦相手のランドマークに、マナシード トークン1個を生成する。（それは、「[消耗],私を生け贄に捧げる:マナ・オーブ1つを非消耗にする。」を持つパーマネントである。）",
2026-02,SDU-059,F,レカの小売商,"[ウラ]あなたのデッキの一番上のカードをあなたのマナ・ゾーンに置く。（それらは消耗したマナ・オーブである）その後、対象の対戦相手のランドマークに、マナシード トークン1個を生成する。（それは、「[消耗],私を生け贄に捧げる:マナ・オーブ1つを非消耗にする。」を持つパーマネントである。）",
2026-02,SDU-060,C,ムーナの植物学者,"[表]対象の対戦相手はリサプライする。（あなたのデッキの一番上のカードをあなたのリザーブに置く。）
[表]あなたは他の基本コスト[3]以下のキャラクター1体を対象にしてもよい。それは_アンカー_を得る。（休息時、私はリザーブに送られず、代わりに_アンカー_を失う。）（一過を持つならならリザーブコスト、そうでないなら手札コストである。）",
2026-02,SDU-060,R,ムーナの植物学者,"[表]対象の対戦相手は消耗リサプライする。（あなたのデッキの一番上のカードをあなたのリザーブに置く。それを消耗する。それは消耗している限り、サポート能力を失い、プレイできない。）
[表]あなたは他の基本コスト[3]以下のキャラクター1体を対象にしてもよい。それは_アンカー_を得る。（休息時、私はリザーブに送られず、代わりにアンカーを失う。）（一過を持つならならリザーブコスト、そうでないなら手札コストである。）",
2026-02,SDU-060,F,ムーナの植物学者,"[表]対象の対戦相手は消耗リサプライする。（あなたのデッキの一番上のカードをあなたのリザーブに置く。それを消耗する。それは消耗している限り、サポート能力を失い、プレイできない。）
[表]あなたは他の基本コスト[3]以下のキャラクター1体を対象にしてもよい。それは_アンカー_を得る。（休息時、私はリザーブに送られず、代わりにアンカーを失う。）（一過を持つならならリザーブコスト、そうでないなら手札コストである。）",
2026-02,SDU-061,C,ヘスペリデ,[表]あなたは対象のパーマネントを持ち主の手札に戻すために[2]を支払ってもよい。,ヘスペリデスの単数形のことであろうと思われる。（wikipediaによれば単数形はへスぺリスだが…）
2026-02,SDU-061,R,ヘスペリデ,"[表]あなたは対象のパーマネントを持ち主の手札に戻してもよい。そうしたなら、それのコントローラーのランドマークに、マナシード トークン1個を生成する。（それは、「[消耗],私を生け贄に捧げる:マナ・オーブ1つを非消耗にする。」を持つパーマネントである。）",
2026-02,SDU-061,F,ヘスペリデ,"[表]あなたは対象のパーマネントを持ち主の手札に戻してもよい。そうしたなら、それのコントローラーのランドマークに、マナシード トークン1個を生成する。（それは、「[消耗],私を生け贄に捧げる:マナ・オーブ1つを非消耗にする。」を持つパーマネントである。）",
2026-02,SDU-062,C,ナオスの娘,"私が_アンカー_を持っているなら、私は防衛を持つ。（私の探検隊は夕方に前進できない。）
[両面]私は_アンカー_を得る。（休息時、私はリザーブに送られず、代わりにアンカーを失う。）",ナオスとはレカの中央の大木のこと。
2026-02,SDU-062,R,ナオスの娘,"私が_アンカー_を持っているなら、私は防衛を持つ。（私の探検隊は夕方に前進できない。）
[両面]私は_アンカー_を得る。（休息時、私はリザーブに送られず、代わりにアンカーを失う。）
あなたが贈り物をした時-私が持っているのが2ブースト未満なら、私は1ブーストを得る。（あなたのターンに対戦相手1人がカードを1枚引くか、リサプライするか、トークンを受け取ったなら、それは贈り物である。）",
2026-02,SDU-062,F,ナオスの娘,"私が_アンカー_を持っているなら、私は防衛を持つ。（私の探検隊は夕方に前進できない。）
[両面]私は_アンカー_を得る。（休息時、私はリザーブに送られず、代わりにアンカーを失う。）",
2026-02,SDU-063,C,レカの農学者,"[表]対象の対戦相手のランドマークに、マナシード トークン1個を生成する。（それは、「[消耗],私を生け贄に捧げる:マナ・オーブ1つを非消耗にする。」を持つパーマネントである。）",
2026-02,SDU-063,R,レカの農学者,"[両面]対象の対戦相手のランドマークに、マナシード トークン1個を生成する。（それは、「[消耗],私を生け贄に捧げる:マナ・オーブ1つを非消耗にする。」を持つパーマネントである。）",
2026-02,SDU-063,F,レカの農学者,"[表]対象の他のプレイヤーのランドマークに、マナシード トークン1個を生成する。（それは、「[消耗],私を生け贄に捧げる:マナ・オーブ1つを非消耗にする。」を持つパーマネントである。）",
2026-02,SDU-064,C,激怒した庭師、フローレ,[両面]あなたは場の対象のパーマネントかリザーブの対象のカードを消耗してもよい。（それは消耗している限り、サポート能力を失い、プレイできない。）,頭から湯気が出るほど怒っているという意味。2つ名が悪口やないかい
2026-02,SDU-064,R,激怒した庭師、フローレ,[両面]あなたは場の対象のパーマネントを消耗してもよい。その後、あなたはリザーブの対象のカードを消耗してもよい。（それは消耗している限り、サポート能力を失い、プレイできない。）,
2026-02,SDU-064,F,激怒した庭師、フローレ,[両面]あなたは場の対象のパーマネントを消耗してもよい。その後、あなたはリザーブの対象のカードを消耗してもよい。（それは消耗している限り、サポート能力を失い、プレイできない。）,
2026-02,SDU-065,C,大鵬,<サポート>[捨て札]:各プレイヤーはカードを1枚引く。,
2026-02,SDU-065,R,大鵬,"タフ1（対戦相手が私を対象にするなら、[1]を追加で支払う。）
<サポート>[捨て札]:各プレイヤーはカードを1枚引く。",
2026-02,SDU-065,F,大鵬,"タフ1（対戦相手が私を対象にするなら、[1]を追加で支払う。）
<サポート>[捨て札]:各プレイヤーはカードを1枚引く。",
2026-02,SDU-066,C,ナオスの息子,"巨大（私はあなたの両方の探検隊に存在しているとみなす。）
[両面]対象の対戦相手はカードを1枚引く。",木にはいつも娘と息子がいるらしい
2026-02,SDU-066,R,ナオスの息子,"巨大（私はあなたの両方の探検隊に存在しているとみなす。）
[両面]あなたは対戦相手1人を対象としてもよい。そのプレイヤーはカードを1枚引く。
あなたが贈り物をした時-私は1ブーストを得る。（あなたのターンに対戦相手1人がカードを1枚引くか、リサプライするか、トークンを受け取ったなら、それは贈り物である。）",
2026-02,SDU-066,F,ナオスの息子,"巨大（私はあなたの両方の探検隊に存在しているとみなす。）
[両面]あなたは対戦相手1人を対象としてもよい。そのプレイヤーはカードを1枚引く。
あなたが贈り物をした時-私は1ブーストを得る。（あなたのターンに対戦相手1人がカードを1枚引くか、リサプライするか、トークンを受け取ったなら、それは贈り物である。）",
2026-02,SDU-067,E,レカ六樹冠、プルトス,"[両面]対象のプレイヤーは消耗リサプライする。（あなたのデッキの一番上のカードをあなたのリザーブに置く。それを消耗する。それは消耗している限り、サポート能力を失い、プレイできない。）
あなたが贈り物をした時-対象のキャラクターは_アンカー_を得る。（休息時、私はリザーブに送られず、代わりにアンカーを失う。）",
2026-02,SDU-068,C,ニュートンの法則,"_一過_（私がリザーブに送られるなら、代わりに捨て札にする。）
対象の対戦相手のランドマークにマナシード トークン1個を生成する。（それは、「[消耗],私を生け贄に捧げる:マナ・オーブ1つを非消耗にする。」を持つパーマネントである。）
その後、そのプレイヤーがコントロールする対象の基本コスト[3]以下のキャラクターをリザーブに送る。（一過を持つならならリザーブコスト、そうでないなら手札コストである。）",
2026-02,SDU-068,R,ニュートンの法則,"_一過_（私がリザーブに送られるなら、代わりに捨て札にする。）
対象の対戦相手のランドマークにマナシード トークン1個を生成する。（それは、「[消耗],私を生け贄に捧げる:マナ・オーブ1つを非消耗にする。」を持つパーマネントである。）
その後、そのプレイヤーがコントロールする対象の基本コスト[3]以下のキャラクターを捨て札にする。（一過を持つならならリザーブコスト、そうでないなら手札コストである。）",
2026-02,SDU-068,F,ニュートンの法則,"_一過_（私がリザーブに送られるなら、代わりに捨て札にする。）
対象の対戦相手のランドマークにマナシード トークン1個を生成する。（それは、「[消耗],私を生け贄に捧げる:マナ・オーブ1つを非消耗にする。」を持つパーマネントである。）
その後、そのプレイヤーがコントロールする対象の基本コスト[3]以下のキャラクターを捨て札にする。（一過を持つならならリザーブコスト、そうでないなら手札コストである。）",
2026-02,SDU-069,C,霊感的遭遇,場やリザーブの望む数の対象のカードに、4ブーストを望むように割り振って置く。（ブーストは+1/+1/+1カウンターである。探検隊を離れるとき、ブーストはなくなる。）,FTを読む限り、俺たちはエグザルツ=ヒーローとコンパニオンの組になる！みたいなシーンなので、魂が共鳴したといったような意味
2026-02,SDU-069,R,霊感的遭遇,"クールダウン（私が私の効果の解決後にリザーブに置かれるなら、私を消耗する。それは消耗している限り、サポート能力を失い、プレイできない。）
場やリザーブの望む数の対象のカードに、4ブーストを望むように割り振って置く。（ブーストは+1/+1/+1カウンターである。探検隊を離れるとき、ブーストはなくなる。）",
2026-02,SDU-069,F,霊感的遭遇,"クールダウン（私が私の効果の解決後にリザーブに置かれるなら、私を消耗する。それは消耗している限り、サポート能力を失い、プレイできない。）
場やリザーブの望む数の対象のカードに、4ブーストを望むように割り振って置く。（ブーストは+1/+1/+1カウンターである。探検隊を離れるとき、ブーストはなくなる。）",
2026-02,SDU-070,C,ピクニックエリア,"（ランドマーク。私が一過を得ることはない。） 
[両面]各プレイヤーはリサプライする。（あなたのデッキの一番上のカードをあなたのリザーブに置く。）
あなたが贈り物をした時-あなたは対象のキャラクターに1ブーストを得させるために私を消耗してもよい。（あなたのターンに対戦相手1人がカードを1枚引くか、リサプライするか、トークンを受け取ったなら、それは贈り物である。）",
2026-02,SDU-070,R,ピクニックエリア,"（ランドマーク。私が一過を得ることはない。） 
[両面]各プレイヤーはカードを1枚引く。
あなたが贈り物をした時-あなたは対象のキャラクターに1ブーストを得させるために私を消耗してもよい。（あなたのターンに対戦相手1人がカードを1枚引くか、リサプライするか、トークンを受け取ったなら、それは贈り物である。）",
2026-02,SDU-070,F,ピクニックエリア,"（ランドマーク。私が一過を得ることはない。） 
[両面]各プレイヤーはカードを1枚引く。
あなたが贈り物をした時-あなたは対象のキャラクターに1ブーストを得させるために私を消耗してもよい。（あなたのターンに対戦相手1人がカードを1枚引くか、リサプライするか、トークンを受け取ったなら、それは贈り物である。）",
2026-02,SDU-071,C,大使館,"（ランドマーク。私が一過を得ることはない。）
対象の対戦相手はリサプライする:このターン、次にあなたがプレイする基本コスト[3]以下のキャラクターは_アンカー_を得る。（リザーブからプレイするならリザーブコスト、そうでないなら手札コストである。）（休息時、私はリザーブに送られず、代わりにアンカーを失う。）",
2026-02,SDU-071,R,大使館,"（ランドマーク。私が一過を得ることはない。）
あなたのコントロールする_アンカー_か_睡眠_であるキャラクターはタフ1を持つ。（対戦相手が私を対象にするなら、[1]を追加で支払う。）
対象の対戦相手はリサプライする:このターン、次にあなたがプレイする基本コスト[3]以下のキャラクターは_アンカー_を得る。（リザーブからプレイするならリザーブコスト、そうでないなら手札コストである。）（休息時、私はリザーブに送られず、代わりにアンカーを失う。）",
2026-02,SDU-071,F,大使館,"（ランドマーク。私が一過を得ることはない。）
あなたのコントロールする_アンカー_か_睡眠_であるキャラクターはタフ1を持つ。（対戦相手が私を対象にするなら、[1]を追加で支払う。）
対象の対戦相手はリサプライする:このターン、次にあなたがプレイする基本コスト[3]以下のキャラクターは_アンカー_を得る。（リザーブからプレイするならリザーブコスト、そうでないなら手札コストである。）（休息時、私はリザーブに送られず、代わりにアンカーを失う。）",
2026-02,SDU-072,C,ナオス,"（ランドマーク。私が一過を得ることはない。）
タフ1（対戦相手が私を対象にするなら、[1]を追加で支払う。）
昼に-カードを1枚引き、あなたのランドマークにマナシード トークン2個を生成する。（それは、「[消耗],私を生け贄に捧げる:マナ・オーブ1つを非消耗にする。」を持つパーマネントである。）",
2026-02,SDU-072,R,ナオス,"（ランドマーク。私が一過を得ることはない。）
タフ1（対戦相手が私を対象にするなら、[1]を追加で支払う。）
[両面]対象の探検隊は、今日の間前進できない。
昼に-カードを1枚引き、あなたのランドマークにマナシード トークン2個を生成する。（それは、「[消耗],私を生け贄に捧げる:マナ・オーブ1つを非消耗にする。」を持つパーマネントである。）",
2026-02,SDU-072,F,ナオス,"（ランドマーク。私が一過を得ることはない。）
タフ1（対戦相手が私を対象にするなら、[1]を追加で支払う。）
[両面]対象の探検隊は、今日の間前進できない。
昼に-カードを1枚引き、あなたのランドマークにマナシード トークン2個を生成する。（それは、「[消耗],私を生け贄に捧げる:マナ・オーブ1つを非消耗にする。」を持つパーマネントである。）",
2026-02,SDU-073,H,マッツとハイヴ,"（あなたは夜の間に3枚までのカードをあなたのランドマークに保持することができる。）
昼に-あなたのランドマークに3枚以上のカードがあるなら、あなたはそのうち1つを生け贄に捧げてもよい。そうしたなら、その生け贄に捧げたカードよりも最大[2]大きい手札コストを持つランドマーク パーマネント1つを無料でプレイする。",ヒーローの名前があんまり自信ないです
2026-02,SDU-074,C,キキーモラ,<サポート>[捨て札]:このターン、あなたが次にプレイするパーマネントのコストは[1]を最小として[1]減る。,最小か最少かわからん。他のゲームと違ってコストは数値だけで色とかはないので最小のような気がする。
2026-02,SDU-074,R,キキーモラ,"あなたがパーマネント1つをプレイした時-私がブーストを持っていないなら、私は1ブーストを得る。（ブーストは+1/+1/+1カウンターである。探検隊を離れるとき、ブーストはなくなる。）
<サポート>[捨て札]:このターン、あなたが次にプレイするパーマネントのコストは[1]を最小として[1]減る。",
2026-02,SDU-074,F,キキーモラ,"あなたがパーマネント1つをプレイした時-私がブーストを持っていないなら、私は1ブーストを得る。（ブーストは+1/+1/+1カウンターである。探検隊を離れるとき、ブーストはなくなる。）
<サポート>[捨て札]:このターン、あなたが次にプレイするパーマネントのコストは[1]を最小として[1]減る。",
2026-02,SDU-075,C,ガラテイア,"私がコンタクト中なら、私は防衛を持つ。（他のプレイヤーの探検隊が私の地域にいるなら、私はコンタクト中である。）（私の探検隊は夕方に前進できない。）
[両面]私がコンタクト中なら、私は2ブーストを得る。（ブーストは+1/+1/+1カウンターである。探検隊を離れるとき、ブーストはなくなる。）",
2026-02,SDU-075,R,ガラテイア,"私は防衛を持つ。（私の探検隊は夕方に前進できない。）
私がコンタクト中なら、防衛を持つキャラクターは私の探検隊の前進を妨げない。（他のプレイヤーの探検隊が私の地域にいるなら、私はコンタクト中である。）",
2026-02,SDU-075,F,ガラテイア,"私がコンタクト中なら、私は防衛を持つ。（他のプレイヤーの探検隊が私の地域にいるなら、私はコンタクト中である。）（私の探検隊は夕方に前進できない。）
[両面]私がコンタクト中なら、私は2ブーストを得る。（ブーストは+1/+1/+1カウンターである。探検隊を離れるとき、ブーストはなくなる。）",
2026-02,SDU-076,C,レカのパトロン,"夕方に私の探検隊が前進するのに失敗した時-あなたのランドマークに、マナシード トークン1個を生成する。（それは、「[消耗],私を生け贄に捧げる:マナ・オーブ1つを非消耗にする。」を持つパーマネントである。）",
2026-02,SDU-076,R,レカのパトロン,"夕方に私の探検隊が前進するのに失敗した時-あなたのランドマークに、マナシード トークン1個を生成する。（それは、「[消耗],私を生け贄に捧げる:マナ・オーブ1つを非消耗にする。」を持つパーマネントである。）",
2026-02,SDU-076,F,レカのパトロン,"夕方に私の探検隊が前進するのに失敗した時-あなたのランドマークに、マナシード トークン1個を生成する。（それは、「[消耗],私を生け贄に捧げる:マナ・オーブ1つを非消耗にする。」を持つパーマネントである。）",
2026-02,SDU-077,C,オーディスの旅行者,[両面]あなたのランドマークに2つ以上のカードがあるなら、私は1ブーストを得る。,
2026-02,SDU-077,R,オーディスの旅行者,[両面]私はあなたのランドマークにあるカード1枚につき、私の上に3ブーストを最大として1ブーストを得る。,
2026-02,SDU-077,F,オーディスの旅行者,[両面]私はあなたのランドマークにあるカード1枚につき、私の上に3ブーストを最大として1ブーストを得る。,
2026-02,SDU-078,C,土産売り,[両面]あなたは私に1ブーストを与えてもよい。そうしたなら、対象の対戦相手はリサプライする。（あなたのデッキの一番上のカードをあなたのリザーブに置く。）,
2026-02,SDU-078,R,土産売り,"[両面]あなたはあなたのランドマークに、マナシード トークン1個を生成してもよい。（それは、「[消耗],私を生け贄に捧げる:マナ・オーブ1つを非消耗にする。」を持つパーマネントである。）そうしたなら、対象の対戦相手はリサプライする。（あなたのデッキの一番上のカードをあなたのリザーブに置く。）",
2026-02,SDU-078,F,土産売り,[両面]あなたは私に1ブーストを与えてもよい。そうしたなら、対象の対戦相手はリサプライする。（あなたのデッキの一番上のカードをあなたのリザーブに置く。）,
2026-02,SDU-079,C,毅然とした受付係,[表]あなたはサボタージュするためにあなたのコントロールするパーマネント1つを消耗してもよい。（リザーブのカード最大1枚を対象とし、それを捨て札にする。）,
2026-02,SDU-079,R,毅然とした受付係,[両面]あなたはサボタージュするためにあなたのコントロールするパーマネント1つを消耗してもよい。（リザーブのカード最大1枚を対象とし、それを捨て札にする。）そうしないなら、私は1ブーストを得る。（ブーストは+1/+1/+1カウンターである。探検隊を離れるとき、ブーストはなくなる。）,
2026-02,SDU-079,F,毅然とした受付係,[表]あなたはサボタージュするためにあなたのリザーブのカード1つを消耗してもよい。（リザーブのカード最大1枚を対象とし、それを捨て札にする。）,
2026-02,SDU-080,C,レカの投資家,"夕方に-あなたのランドマークに、マナシード トークン1個を生成する。（それは、「[消耗],私を生け贄に捧げる:マナ・オーブ1つを非消耗にする。」を持つパーマネントである。）",
2026-02,SDU-080,R,レカの投資家,"夕方に-あなたのランドマークに、マナシード トークン1個を生成する。（それは、「[消耗],私を生け贄に捧げる:マナ・オーブ1つを非消耗にする。」を持つパーマネントである。）
私が探検隊を離れた時-私の探検隊にオーディスの新兵 1/1/1 兵士 トークン1体を生成する。",
2026-02,SDU-080,F,レカの投資家,"夕方に-あなたのランドマークに、マナシード トークン1個を生成する。（それは、「[消耗],私を生け贄に捧げる:マナ・オーブ1つを非消耗にする。」を持つパーマネントである。）
私が探検隊を離れた時-私の探検隊にオーディスの新兵 1/1/1 兵士 トークン1体を生成する。",
2026-02,SDU-081,C,ルイス・サリヴァン,[表]あなたのランドマークに2枚以上のカードがあるなら、カードを1枚引く。,
2026-02,SDU-081,R,ルイス・サリヴァン,[両面]あなたのランドマークに3枚以上のカードがあるなら、カードを1枚引く。,
2026-02,SDU-081,F,ルイス・サリヴァン,[ウラ]あなたのランドマークに2枚以上のカードがあるなら、カードを1枚引く。,
2026-02,SDU-082,C,オーディスのボディーガード、スニサ,"防衛（私の探検隊は夕方に前進できない。）
あなたのランドマークに2枚以上のカードがあるなら、防衛を持つキャラクターは私の探検隊の前進を妨げない。",
2026-02,SDU-082,R,オーディスのボディーガード、スニサ,"防衛（私の探検隊は夕方に前進できない。）
あなたのランドマークに2枚以上のカードがあるなら、防衛を持つキャラクターは私の探検隊の前進を妨げない。
[両面]対象の探検隊にオーディスの新兵 1/1/1 兵士 トークン1体を生成する。",
2026-02,SDU-082,F,オーディスのボディーガード、スニサ,"防衛（私の探検隊は夕方に前進できない。）
あなたのリザーブに2つ以上の呪文があるなら、防衛を持つキャラクターは私の探検隊の前進を妨げない。
[両面]対象の探検隊にオーディスの新兵 1/1/1 兵士 トークン1体を生成する。",
2026-02,SDU-083,C,レカの仕出し屋,"[両面]あなたのランドマークに、マナシード トークン1個を生成する。（それは、「[消耗],私を生け贄に捧げる:マナ・オーブ1つを非消耗にする。」を持つパーマネントである。）",仕出し屋とはケータリング業者のこと。
2026-02,SDU-083,R,レカの仕出し屋,"[両面]あなたのランドマークに、マナシード トークン1個を生成する。（それは、「[消耗],私を生け贄に捧げる:マナ・オーブ1つを非消耗にする。」を持つパーマネントである。）
<サポート>[捨て札]:対象の探検隊にオーディスの新兵 1/1/1 兵士 トークン1体を生成する。",
2026-02,SDU-083,F,レカの仕出し屋,"[両面]あなたのランドマークに、マナシード トークン1個を生成する。（それは、「[消耗],私を生け贄に捧げる:マナ・オーブ1つを非消耗にする。」を持つパーマネントである。）
<サポート>[捨て札]:対象の探検隊にオーディスの新兵 1/1/1 兵士 トークン1体を生成する。",
2026-02,SDU-084,C,タロス,"巨大（私はあなたの両方の探検隊に存在しているとみなす。）
防衛（私の探検隊は夕方に前進できない。）",
2026-02,SDU-084,R,タロス,"巨大（私はあなたの両方の探検隊に存在しているとみなす。）
あなたのランドマークに2枚以上のカードがあるのでないなら、私は防衛を持つ。（私の探検隊は夕方に前進できない。）",
2026-02,SDU-084,F,タロス,"巨大（私はあなたの両方の探検隊に存在しているとみなす。）
あなたのランドマークに2枚以上のカードがあるのでないなら、私は防衛を持つ。（私の探検隊は夕方に前進できない。）",
2026-02,SDU-085,E,レカ六樹冠、アストラぺー,"[両面]あなたのランドマークに、マナシード トークン3個を生成する。（それは、「[消耗],私を生け贄に捧げる:マナ・オーブ1つを非消耗にする。」を持つパーマネントである。）その後、私はあなたのランドマークのカード1枚につき1ブーストを得る。（トークンはカードである。）（ブーストは+1/+1/+1カウンターである。探検隊を離れるとき、ブーストはなくなる。）",
2026-02,SDU-086,C,不当的遭遇,"_一過_（私がリザーブに送られるなら、代わりに捨て札にする。）
対象の手札コスト[2]以下のランドマーク パーマネントのコントロールを得る。（それはあなたのランドマークに加わる。）",
2026-02,SDU-086,R,不当的遭遇,"_一過_（私がリザーブに送られるなら、代わりに捨て札にする。）
手札コスト[2]以下のランドマーク パーマネントを対象とする。それのコントローラーはリサプライする。（あなたのデッキの一番上のカードをあなたのリザーブに置く。）あなたはそれのコントロールを得る。（それはあなたのランドマークに加わる。）",
2026-02,SDU-086,F,不当的遭遇,"_一過_（私がリザーブに送られるなら、代わりに捨て札にする。）
手札コスト[2]以下のランドマーク パーマネントを対象とする。それのコントローラーはリサプライする。（あなたのデッキの一番上のカードをあなたのリザーブに置く。）あなたはそれのコントロールを得る。（それはあなたのランドマークに加わる。）",
2026-02,SDU-087,C,怒れる群衆,"_一過_（私がリザーブに送られるなら、代わりに捨て札にする。）
対象のキャラクターかパーマネントを捨て札にする。その後、あなたのランドマークにマナシード トークン1個を生成する。（それは、「[消耗],私を生け贄に捧げる:マナ・オーブ1つを非消耗にする。」を持つパーマネントである。）",
2026-02,SDU-087,R,怒れる群衆,"_一過_（私がリザーブに送られるなら、代わりに捨て札にする。）
対象のキャラクターかパーマネントを捨て札にする。それの基本コストが[2]以下なら、あなたのランドマークにマナシード トークン1個を生成する。（一過を持つならならリザーブコスト、そうでないなら手札コストである。）（それは、「[消耗],私を生け贄に捧げる:マナ・オーブ1つを非消耗にする。」を持つパーマネントである。）",
2026-02,SDU-087,F,怒れる群衆,"_一過_（私がリザーブに送られるなら、代わりに捨て札にする。）
対象のキャラクターかパーマネントを捨て札にする。それの基本コストが[2]以下なら、あなたのランドマークにマナシード トークン1個を生成する。（一過を持つならならリザーブコスト、そうでないなら手札コストである。）（それは、「[消耗],私を生け贄に捧げる:マナ・オーブ1つを非消耗にする。」を持つパーマネントである。）",
2026-02,SDU-088,C,書見台,"（ランドマーク。私が一過を得ることはない。）
[両面]リサプライする。（あなたのデッキの一番上のカードをあなたのリザーブに置く。）
私が生け贄に捧げられた時-ヒーローの探検隊1つにオーディスの新兵 1/1/1 兵士 トークン1体を生成する。（上限を超えたランドマークは日の終わりに生け贄に捧げられる。）",
2026-02,SDU-088,R,書見台,"（ランドマーク。私が一過を得ることはない。）
[両面]他のカードがあなたのランドマークにあるなら、カードを1枚引く。そうでないならリサプライする。（あなたのデッキの一番上のカードをあなたのリザーブに置く。）
私が生け贄に捧げられた時-ヒーローの探検隊1つにオーディスの新兵 1/1/1 兵士 トークン1体を生成する。（上限を超えたランドマークは日の終わりに生け贄に捧げられる。）",
2026-02,SDU-088,F,書見台,"（ランドマーク。私が一過を得ることはない。）
[両面]他のカードがあなたのランドマークにあるなら、カードを1枚引く。そうでないならリサプライする。（あなたのデッキの一番上のカードをあなたのリザーブに置く。）
私が生け贄に捧げられた時-ヒーローの探検隊1つにオーディスの新兵 1/1/1 兵士 トークン1体を生成する。（上限を超えたランドマークは日の終わりに生け贄に捧げられる。）",
2026-02,SDU-089,C,領事館,"（ランドマーク。私が一過を得ることはない。）
[両面]カードを1枚引く。
[消耗]:対象の探検隊にオーディスの新兵 1/1/1 兵士 トークン1体を生成する。",
2026-02,SDU-089,R,領事館,"（ランドマーク。私が一過を得ることはない。）
[両面]リサプライする。（あなたのデッキの一番上のカードをあなたのリザーブに置く。）
[消耗]:探検隊1つを対象とする。それにオーディスの新兵 1/1/1 兵士 トークンを、1回の起動につき3体を上限として、あなたのランドマークにあるカード1枚につき1体生成する。",
2026-02,SDU-089,F,領事館,"（ランドマーク。私が一過を得ることはない。）
[両面]リサプライする。（あなたのデッキの一番上のカードをあなたのリザーブに置く。）
[消耗]:探検隊1つを対象とする。それにオーディスの新兵 1/1/1 兵士 トークンを、1回の起動につき3体を上限として、あなたのランドマークにあるカード1枚につき1体生成する。",
2026-02,SDU-090,C,「再会」,"（ランドマーク。私が一過を得ることはない。）
[消耗]:あなたのランドマークにあるカードの数まで選ぶ:
・コンパニオンの探検隊1つにオーディスの新兵 1/1/1 兵士 トークン1体を生成する。
・ヒーローの探検隊1つにオーディスの新兵 1/1/1 兵士 トークン1体を生成する。
・最大2体までの対象のキャラクターはそれぞれ1ブーストを得る。（ブーストは+1/+1/+1カウンターである。探検隊を離れるとき、ブーストはなくなる。）",建物の名前としては意味不明な名前なので、鍵かっこをつけて作品名であると読めるようにしました。
2026-02,SDU-090,R,「再会」,"（ランドマーク。私が一過を得ることはない。）
[消耗]:あなたのランドマークにあるカードの数まで選ぶ:
・コンパニオンの探検隊1つにオーディスの新兵 1/1/1 兵士 トークン1体を生成する。
・ヒーローの探検隊1つにオーディスの新兵 1/1/1 兵士 トークン1体を生成する。
・最大2体までの対象のキャラクターはそれぞれ1ブーストを得る。（ブーストは+1/+1/+1カウンターである。探検隊を離れるとき、ブーストはなくなる。）
・カードを1枚引く。",
2026-02,SDU-090,F,「再会」,"（ランドマーク。私が一過を得ることはない。）
[消耗]:あなたのランドマークにあるカードの数まで選ぶ:
・コンパニオンの探検隊1つにオーディスの新兵 1/1/1 兵士 トークン1体を生成する。
・ヒーローの探検隊1つにオーディスの新兵 1/1/1 兵士 トークン1体を生成する。
・最大2体までの対象のキャラクターはそれぞれ1ブーストを得る。（ブーストは+1/+1/+1カウンターである。探検隊を離れるとき、ブーストはなくなる。）
・カードを1枚引く。",
2026-02,SDU-091,H,モヨとシルク,あなたが基本コスト[4]以上である呪文を1つプレイした時-あなたはあなたのヒーローの探検隊にマナ・モス 2/2/2 イリュージョン トークン1体を生成するために私を消耗してもよい。その基本コストが[7]以上なら、さらにカードを1枚引く。（リザーブからプレイするならリザーブコスト、そうでないなら手札コストである。）,
2026-02,SDU-092,C,勉強熱心なルーキー,あなたが基本コスト[4]以上である呪文を1つプレイした時-私がブーストを持っていないなら、私は1ブーストを得る。（リザーブからプレイするならリザーブコスト、そうでないなら手札コストである。）（ブーストは+1/+1/+1カウンターである。探検隊を離れるとき、ブーストはなくなる。）,
2026-02,SDU-092,R,勉強熱心なルーキー,あなたが基本コスト[4]以上である呪文を1つプレイした時-私は1ブーストを得る。（リザーブからプレイするならリザーブコスト、そうでないなら手札コストである。）（ブーストは+1/+1/+1カウンターである。探検隊を離れるとき、ブーストはなくなる。）,
2026-02,SDU-092,F,勉強熱心なルーキー,あなたが基本コスト[4]以上であるパーマネントを1つプレイした時-私は1ブーストを得る。（リザーブからプレイするならリザーブコスト、そうでないなら手札コストである。）（ブーストは+1/+1/+1カウンターである。探検隊を離れるとき、ブーストはなくなる。）,
2026-02,SDU-093,C,ファウル詐欺,[表]あなたがコンタクト中なら、サボタージュする。（他のプレイヤーの探検隊が私の地域にいるなら、私はコンタクト中である。）（リザーブのカード最大1枚を対象とし、それを捨て札にする。）,カード名が悪口やんけ
2026-02,SDU-093,R,ファウル詐欺,[両面]あなたがコンタクト中なら、サボタージュする。（他のプレイヤーの探検隊が私の地域にいるなら、私はコンタクト中である。）（リザーブのカード最大1枚を対象とし、それを捨て札にする。）,
2026-02,SDU-093,F,ファウル詐欺,[両面]あなたがコンタクト中なら、サボタージュする。（他のプレイヤーの探検隊が私の地域にいるなら、私はコンタクト中である。）（リザーブのカード最大1枚を対象とし、それを捨て札にする。）,
2026-02,SDU-094,C,ハリー・フーディーニ,[表]対戦相手の探検隊1つにマナ・モス 2/2/2 イリュージョン トークン1体を生成する。その後カードを1枚引く。,
2026-02,SDU-094,R,ハリー・フーディーニ,[表]対象の探検隊にマナ・モス 2/2/2 イリュージョン トークン1体を生成する。その後、そのイシュージョンに相対している探検隊のコントローラーはカードを1枚引く。,
2026-02,SDU-094,F,ハリー・フーディーニ,[表]対戦相手の探検隊1つにマナ・モス 2/2/2 イリュージョン トークン1体を生成する。その後カードを1枚引く。,
2026-02,SDU-095,C,チームのマスコット,[両面]リザーブに消耗したカードがあるなら、私は1ブーストを得る。（ブーストは+1/+1/+1カウンターである。探検隊を離れるとき、ブーストはなくなる。）,
2026-02,SDU-095,R,チームのマスコット,[両面]リザーブに2枚以上の消耗したカードがあるなら、最大2体までの対象のキャラクターはそれぞれ1ブーストを得る。（ブーストは+1/+1/+1カウンターである。探検隊を離れるとき、ブーストはなくなる。）,
2026-02,SDU-095,F,チームのマスコット,[両面]リザーブに2枚以上の消耗したカードがあるなら、最大2体までの対象のキャラクターはそれぞれ1ブーストを得る。（ブーストは+1/+1/+1カウンターである。探検隊を離れるとき、ブーストはなくなる。）,
2026-02,SDU-096,C,へクスタグの追跡者,[表]あなたはいずれかのリザーブの対象のカードを消耗してもよい。それがそのプレイヤーのリザーブの唯一のカードだったなら、そのプレイヤーはリサプライする。（それは消耗している限り、サポート能力を失い、プレイできない。）（あなたのデッキの一番上のカードをあなたのリザーブに置く。）,へクスタグが何かは謎。オリエンテーリングのようなスポーツではないかと思われる。
2026-02,SDU-096,R,へクスタグの追跡者,[表]あなたはリザーブの対象のカードを消耗してもよい。それがあなたのリザーブにあったなら、リサプライする。（それは消耗している限り、サポート能力を失い、プレイできない。）（あなたのデッキの一番上のカードをあなたのリザーブに置く。）,
2026-02,SDU-096,F,へクスタグの追跡者,[表]あなたはリザーブの対象のカードを消耗してもよい。それがあなたのリザーブにあったなら、リサプライする。（それは消耗している限り、サポート能力を失い、プレイできない。）（あなたのデッキの一番上のカードをあなたのリザーブに置く。）,
2026-02,SDU-097,C,レカのサポーター,"[表]あなたのランドマークに、マナシード トークン1個を生成する。（それは、「[消耗],私を生け贄に捧げる:マナ・オーブ1つを非消耗にする。」を持つパーマネントである。）",
2026-02,SDU-097,R,レカのサポーター,"[表]あなたのランドマークに、マナシード トークン1個を生成する。（それは、「[消耗],私を生け贄に捧げる:マナ・オーブ1つを非消耗にする。」を持つパーマネントである。）
＜サポート＞[捨て札]:お先にどうぞ。（カードをプレイしたかのようにあなたのターンを終了する。あなたはまだカードをプレイできる。）",
2026-02,SDU-097,F,レカのサポーター,"[表]あなたのランドマークに、マナシード トークン1個を生成する。（それは、「[消耗],私を生け贄に捧げる:マナ・オーブ1つを非消耗にする。」を持つパーマネントである。）",
2026-02,SDU-098,C,ミレディ・ド・ウィンター,[表]対象のトークン パーマネントのコントロールを得る。それが探検隊にプレイするパーマネントなら、あなたの探検隊に置く。,
2026-02,SDU-098,R,ミレディ・ド・ウィンター,[表]対象の基本コスト[2]以下のパーマネントのコントロールを得る。それが探検隊にプレイするパーマネントなら、あなたの探検隊に置く。（一過を持つならならリザーブコスト、そうでないなら手札コストである。）,
2026-02,SDU-098,F,ミレディ・ド・ウィンター,[表]対象のトークン パーマネントのコントロールを得る。それが探検隊にプレイするパーマネントなら、あなたの探検隊に置く。,
2026-02,SDU-099,C,望月千代女,＜サポート＞[捨て札]:このターン、あなたが次にプレイする呪文のコストは[1]を最小として[1]減る。,
2026-02,SDU-099,R,望月千代女,"私がコンタクト中なら、あなたがこの午後にプレイする次の呪文のコストは[1]を最小として[1]減る。（他のプレイヤーの探検隊が私の地域にいるなら、私はコンタクト中である。）
＜サポート＞[捨て札]:このターン、あなたが次にプレイする呪文のコストは[1]を最小として[1]減る。",
2026-02,SDU-099,F,望月千代女,"私がコンタクト中なら、あなたがこの午後にプレイする次の呪文のコストは[1]を最小として[1]減る。（他のプレイヤーの探検隊が私の地域にいるなら、私はコンタクト中である。）
＜サポート＞[捨て札]:このターン、あなたが次にプレイする呪文のコストは[1]を最小として[1]減る。",
2026-02,SDU-100,C,贔屓する審判,[表]対象のキャラクターを捨て札にする。その基本コストが[3]以上だったなら、それのコントローラーはカードを1枚引く。（一過を持つならならリザーブコスト、そうでないなら手札コストである。）,
2026-02,SDU-100,R,贔屓する審判,[表]対象のキャラクターかパーマネントを捨て札にする。その基本コストが[3]以上だったなら、それのコントローラーはカードを1枚引く。（一過を持つならならリザーブコスト、そうでないなら手札コストである。）,
2026-02,SDU-100,F,贔屓する審判,[表]対象のキャラクターかパーマネントを捨て札にする。その基本コストが[3]以上だったなら、それのコントローラーはカードを1枚引く。（一過を持つならならリザーブコスト、そうでないなら手札コストである。）,
2026-02,SDU-101,E,レカ六樹冠、マレロス,[表]あなたがこの午後にプレイする次の呪文のコストは[7]減る。,今セットのイズミルはスポーツしかしてないな
2026-02,SDU-102,C,競技的遭遇,"場の望む数の対象のキャラクターに2ブーストを望むように割り振って置く。
＜サポート＞[捨て札]:お先にどうぞ。（カードをプレイしたかのようにあなたのターンを終了する。あなたはまだカードをプレイできる。）",
2026-02,SDU-102,R,競技的遭遇,"クールダウン（私が私の効果の解決後にリザーブに置かれるなら、私を消耗する。それは消耗している限り、サポート能力を失い、プレイできない。）
場やリザーブの望む数の対象のキャラクターに2ブーストを望むように割り振って置く。
＜サポート＞[捨て札]:お先にどうぞ。（カードをプレイしたかのようにあなたのターンを終了する。あなたはまだカードをプレイできる。）",
2026-02,SDU-102,F,競技的遭遇,"クールダウン（私が私の効果の解決後にリザーブに置かれるなら、私を消耗する。それは消耗している限り、サポート能力を失い、プレイできない。）
場やリザーブの望む数の対象のキャラクターに2ブーストを望むように割り振って置く。
＜サポート＞[捨て札]:お先にどうぞ。（カードをプレイしたかのようにあなたのターンを終了する。あなたはまだカードをプレイできる。）",
2026-02,SDU-103,C,タイムアウト,"_一過_（私がリザーブに送られるなら、代わりに捨て札にする。）
対象の基本コスト[4]以下のキャラクターをリザーブに送る。それを消耗する。（それは消耗している限り、サポート能力を失い、プレイできない。）",
2026-02,SDU-103,R,タイムアウト,"対象の基本コスト[4]以下のキャラクターをリザーブに送る。それを消耗する。（それは消耗している限り、サポート能力を失い、プレイできない。）
その後、リザーブに2枚以上の消耗しているカードがあるのでない限り、私は_一過_を得る。（私がリザーブに送られるなら、代わりに捨て札にする。）",
2026-02,SDU-103,F,タイムアウト,"対象の基本コスト[4]以下のキャラクターをリザーブに送る。それを消耗する。（それは消耗している限り、サポート能力を失い、プレイできない。）
その後、リザーブに2枚以上の消耗しているカードがあるのでない限り、私は_一過_を得る。（私がリザーブに送られるなら、代わりに捨て札にする。）",
2026-02,SDU-104,C,モスのデコイ,"あなたは私をコストを[1]減らしてプレイするためにあなたのリザーブのカード1枚を消耗してもよい。
対象の探検隊にマナ・モス 2/2/2 イリュージョン トークン1体を生成する。",
2026-02,SDU-104,R,モスのデコイ,"あなたは私をコストを[1]減らしてプレイするためにあなたのリザーブのカード1枚を消耗してもよい。
対象の探検隊にマナ・モス 2/2/2 イリュージョン トークン1体を生成する。",
2026-02,SDU-104,F,モスのデコイ,"あなたは私をコストを[1]減らしてプレイするためにあなたのリザーブのカード1枚を消耗してもよい。
対象の探検隊にマナ・モス 2/2/2 イリュージョン トークン1体を生成する。",
2026-02,SDU-105,C,タッチ！,"_一過_（私がリザーブに送られるなら、代わりに捨て札にする。）
対象の対戦相手は自分のコントロールするキャラクターのうち最大の基本コストを持つものを生け贄に捧げる。（一過を持つならならリザーブコスト、そうでないなら手札コストである。）",スポーツのルールとしてのタッチ（鬼ごっこや野球のタッチアウト）は和製英語で、英語ではtag。
2026-02,SDU-105,R,タッチ！,"対象の対戦相手は自分のコントロールするキャラクターやパーマネントのうち最大の基本コストを持つものを生け贄に捧げる。（一過を持つならならリザーブコスト、そうでないなら手札コストである。）
＜サポート＞[捨て札]:お先にどうぞ。（カードをプレイしたかのようにあなたのターンを終了する。あなたはまだカードをプレイできる。）",
2026-02,SDU-105,F,タッチ！,"対象の対戦相手は自分のコントロールするキャラクターやパーマネントのうち最大の基本コストを持つものを生け贄に捧げる。（一過を持つならならリザーブコスト、そうでないなら手札コストである。）
＜サポート＞[捨て札]:お先にどうぞ。（カードをプレイしたかのようにあなたのターンを終了する。あなたはまだカードをプレイできる。）",
2026-02,SDU-106,C,決定打,"_一過_（私がリザーブに送られるなら、代わりに捨て札にする。）
最大3つまで選ぶ:
・対象のキャラクターを捨て札にする。
・対象のパーマネントを捨て札にする。
・サボタージュする。（リザーブのカード最大1枚を対象とし、それを捨て札にする。）",
2026-02,SDU-106,R,決定打,"_一過_（私がリザーブに送られるなら、代わりに捨て札にする。）
最大3つまで選ぶ。あなたは同じ選択肢を複数回選んでもよい:
・対象のキャラクターを捨て札にする。
・対象のパーマネントを捨て札にする。
・サボタージュする。（リザーブのカード最大1枚を対象とし、それを捨て札にする。）",
2026-02,SDU-106,F,決定打,"_一過_（私がリザーブに送られるなら、代わりに捨て札にする。）
最大3つまで選ぶ。あなたは同じ選択肢を複数回選んでもよい:
・対象のキャラクターを捨て札にする。
・対象のパーマネントを捨て札にする。
・サボタージュする。（リザーブのカード最大1枚を対象とし、それを捨て札にする。）",
2026-02,SDU-107,C,モス捕らえの杖,"（私を探検隊にプレイする。私の探検隊が前進したなら、休息時に私をリザーブに送る。）
[両面]リザーブの対象のカードを消耗する。
[消耗],[X]:私の探検隊にマナ・モス 2/2/2 イリュージョン トークンをX体生成する。Xはリザーブの消耗しているカードの枚数より大きくできない。",
2026-02,SDU-107,R,モス捕らえの杖,"（私を探検隊にプレイする。私の探検隊が前進したなら、休息時に私をリザーブに送る。）
[両面]リザーブの対象のカードを消耗する。
[消耗],[X]:私の探検隊にマナ・モス 2/2/2 イリュージョン トークンをX体生成する。Xはリザーブの消耗しているカードとあなたのコントロールしている消耗したパーマネントを合わせた枚数より大きくできない。",
2026-02,SDU-107,F,モス捕らえの杖,"（私を探検隊にプレイする。私の探検隊が前進したなら、休息時に私をリザーブに送る。）
[両面]リザーブの対象のカードを消耗する。
[消耗],[X]:私の探検隊にマナ・モス 2/2/2 イリュージョン トークンをX体生成する。Xはリザーブの消耗しているカードとあなたのコントロールしている消耗したパーマネントを合わせた枚数より大きくできない。",
2026-02,SDU-108,C,医務室,"（ランドマーク。私が一過を得ることはない。）
[消耗],あなたのリザーブのカード1枚を消耗する:お先にどうぞ。（カードをプレイしたかのようにあなたのターンを終了する。あなたはまだカードをプレイできる。）",
2026-02,SDU-108,R,医務室,"（ランドマーク。私が一過を得ることはない。）
[両面]リサプライする。（あなたのデッキの一番上のカードをあなたのリザーブに置く。）
[消耗],あなたのリザーブのカード1枚を消耗する:お先にどうぞ。（カードをプレイしたかのようにあなたのターンを終了する。あなたはまだカードをプレイできる。）",
2026-02,SDU-108,F,医務室,"（ランドマーク。私が一過を得ることはない。）
[両面]リサプライする。（あなたのデッキの一番上のカードをあなたのリザーブに置く。）
[消耗],あなたのリザーブのカード1枚を消耗する:お先にどうぞ。（カードをプレイしたかのようにあなたのターンを終了する。あなたはまだカードをプレイできる。）",
