日本語名,レアリティ,能力,訳者コメント
デラとボルト,ヒーロー,[消耗]:場の対象のパーマネントかリザーブの対象のカードを非消耗にする。これのコストは、場の手札コスト[5]以上のパーマネントを対象にするなら[2]増える。,
フェアの参加者、アイラ,コモン,能力なし,科学フェアの参加者であろうと思われます。
フェアの参加者、アイラ,レア,"[ウラ]あなたのランドマークに、マナシード トークン1個を生成する。（それは、「[消耗],私を生け贄に捧げる:マナ・オーブ1つを非消耗にする。」を持つパーマネントである。）",
フェアの参加者、アイラ,色違い,"[ウラ]あなたのランドマークに、マナシード トークン1個を生成する。（それは、「[消耗],私を生け贄に捧げる:マナ・オーブ1つを非消耗にする。」を持つパーマネントである。）",
アクシオムの機械工,コモン,[表]あなたは場の対象のパーマネントかリザーブの対象のカードを非消耗にしてもよい。,
アクシオムの機械工,レア,[表]あなたは場の対象のパーマネントかリザーブの対象のカードを非消耗にしてもよい。,
アクシオムの機械工,色違い,[表]あなたは場の対象のパーマネントかリザーブの対象のカードを非消耗にしてもよい。,
レオナルド・ダ・ヴィンチ,コモン,[ウラ]あなたはリサプライするためにあなたのコントロールするパーマネント1つを消耗してもよい。（あなたのデッキの一番上のカードをあなたのリザーブに置く。）,
レオナルド・ダ・ヴィンチ,レア,[ウラ]あなたはカードを1枚引くためにあなたのコントロールするパーマネント1つを消耗してもよい。,
レオナルド・ダ・ヴィンチ,色違い,[ウラ]あなたはカードを1枚引くためにあなたのコントロールするパーマネント1つを消耗してもよい。,
ニコラ・テスラ,コモン,[ウラ]あなたが消耗したパーマネントをコントロールしているか、あなたのリザーブに消耗したカードがあるなら、私は1ブーストを得る。（ブーストは+1/+1/+1カウンターである。探検隊を離れるとき、ブーストはなくなる。）,
ニコラ・テスラ,レア,[ウラ]あなたがコントロールしている消耗したパーマネントか、あなたのリザーブにある消耗したカード1つにつき、私は私の上に3ブーストを最大として1ブーストを得る。（ブーストは+1/+1/+1カウンターである。探検隊を離れるとき、ブーストはなくなる。）,
ニコラ・テスラ,色違い,[ウラ]あなたがコントロールしている消耗したパーマネントか、あなたのリザーブにある消耗したカード1つにつき、私は私の上に3ブーストを最大として1ブーストを得る。（ブーストは+1/+1/+1カウンターである。探検隊を離れるとき、ブーストはなくなる。）,
Tik-Tok,コモン,[表]あなたはあなたのコントロールするパーマネント1つかあなたのリザーブのカード1つを消耗する。（それは消耗している限り、サポート能力を失い、プレイできない。）,チクタクといったような意味だが、FTを見るに明らかに実在のサービス名を踏襲しているのでカード名もそうすればいいと思う。
Tik-Tok,レア,[表]各プレイヤー自分のコントロールするパーマネント1つか自分のリザーブのカード1つを消耗する。（それは消耗している限り、サポート能力を失い、プレイできない。）,
Tik-Tok,色違い,[表]各プレイヤー自分のコントロールするパーマネント1つか自分のリザーブのカード1つを消耗する。（それは消耗している限り、サポート能力を失い、プレイできない。）,
自動販売ボット,コモン,[ウラ]消耗リサプライする。（あなたのデッキの一番上のカードをあなたのリザーブに置く。それを消耗する。それは消耗している限り、サポート能力を失い、プレイできない。）,
自動販売ボット,レア,[ウラ]消耗リサプライする。（あなたのデッキの一番上のカードをあなたのリザーブに置く。それを消耗する。それは消耗している限り、サポート能力を失い、プレイできない。）,
自動販売ボット,色違い,[ウラ]消耗リサプライする。（あなたのデッキの一番上のカードをあなたのリザーブに置く。それを消耗する。それは消耗している限り、サポート能力を失い、プレイできない。）,
レカの有力者,コモン,"[ウラ]1つを選ぶ:
・サボタージュする。（リザーブのカード最大1枚を対象とし、それを捨て札にする。）
・あなたのランドマークに、マナシード トークン1個を生成する。（それは、「[消耗],私を生け贄に捧げる:マナ・オーブ1つを非消耗にする。」を持つパーマネントである。）",
レカの有力者,レア,"[ウラ]1つを選ぶか、両方を選ぶためにあなたのコントロールするパーマネント1つを消耗する:
・サボタージュする。（リザーブのカード最大1枚を対象とし、それを捨て札にする。）
・あなたのランドマークに、マナシード トークン1個を生成する。（それは、「[消耗],私を生け贄に捧げる:マナ・オーブ1つを非消耗にする。」を持つパーマネントである。）",
レカの有力者,色違い,"[ウラ]1つを選ぶか、両方を選ぶためにあなたのコントロールするパーマネント1つを消耗する:
・サボタージュする。（リザーブのカード最大1枚を対象とし、それを捨て札にする。）
・あなたのランドマークに、マナシード トークン1個を生成する。（それは、「[消耗],私を生け贄に捧げる:マナ・オーブ1つを非消耗にする。」を持つパーマネントである。）",
「攻殻」,コモン,[ウラ]あなたはカードを1枚引くためにあなたの手札のカード1枚をあなたのリザーブに置いてもよい。,攻殻機動隊が元ネタ？
「攻殻」,レア,[ウラ]あなたはカードを1枚引くためにあなたの手札のカード1枚をあなたのリザーブに置いてもよい。,
「攻殻」,色違い,[ウラ]あなたはカードを1枚引くためにあなたの手札のカード1枚をあなたのリザーブに置いてもよい。,
レカの生体技術者,コモン,"[両面]あなたはあなたのランドマークにマナシード トークン1個を生成するためにあなたのリザーブのカード1枚を消耗してもよい。（それは、「[消耗],私を生け贄に捧げる:マナ・オーブ1つを非消耗にする。」を持つパーマネントである。）",
レカの生体技術者,レア,"[両面]あなたはそのプレイヤーのランドマークにマナシード トークン1個を生成するためにいずれかのプレイヤーのリザーブのカード1枚を消耗してもよい。（それは、「[消耗],私を生け贄に捧げる:マナ・オーブ1つを非消耗にする。」を持つパーマネントである。）",
レカの生体技術者,色違い,"[両面]あなたはそのプレイヤーのランドマークにマナシード トークン1個を生成するためにいずれかのプレイヤーのリザーブのカード1枚を消耗してもよい。（それは、「[消耗],私を生け贄に捧げる:マナ・オーブ1つを非消耗にする。」を持つパーマネントである。）",
レカ六樹冠、スフーラ,エグザルテッド,"あなたが消耗しているパーマネントをコントロールしているなら、私のコストは[1]減る。
あなたのリザーブに消耗しているカードがあるなら、私のコストは[1]減る。
[両面]あなたのコントロールしているパーマネントか、あなたのリザーブのうちに合わせて4つ以上の消耗しているカードがあるなら、それらのうちの最大2つまでを非消耗にする。",四天王の6人版で、呼び方は正直なんでもいいが、レカ全体が大木なので木にあやかった名前にしてみた
トーマス・エジソン,コモン,[両面]あなたはあなたのリザーブのキャラクター1つを捨て札にしてもよい。そうしたなら、それが私の物であるかのように、その[ウラ]能力の1つを起動してもよい。,
トーマス・エジソン,レア,[両面]あなたはあなたのリザーブのキャラクター2つまでを捨て札にしてもよい。そうしたなら、それが私の物であるかのように、その[ウラ]能力を2つまで起動してもよい。,
トーマス・エジソン,色違い,[両面]あなたはあなたのリザーブのキャラクター2つまでを捨て札にしてもよい。そうしたなら、それが私の物であるかのように、その[ウラ]能力を2つまで起動してもよい。,
失敗したデモ,コモン,"_一過_（私がリザーブに送られるなら、代わりに捨て札にする。）
あなたのリザーブのカード1つを消耗する。そうしたなら、対象の手札コスト[3]以下のキャラクターをリザーブに送る。",
失敗したデモ,レア,"クールダウン（私が私の効果の解決後にリザーブに置かれるなら、私を消耗する。それは消耗している限り、サポート能力を失い、プレイできない。）
あなたのリザーブのカード1つを消耗する。そうしたなら、対象の手札コスト[3]以下のキャラクターをリザーブに送る。",
失敗したデモ,色違い,"_一過_（私がリザーブに送られるなら、代わりに捨て札にする。）
あなたのリザーブのカード1つを消耗する。そうしたなら、対象の手札コスト[3]以下のキャラクターをリザーブに送る。",
技術的遭遇,コモン,"クールダウン（私が私の効果の解決後にリザーブに置かれるなら、私を消耗する。それは消耗している限り、サポート能力を失い、プレイできない。）
カードを1枚引く。その後、あなたのランドマークにマナシード トークン1個を生成する。（それは、「[消耗],私を生け贄に捧げる:マナ・オーブ1つを非消耗にする。」を持つパーマネントである。）",
技術的遭遇,レア,"クールダウン（私が私の効果の解決後にリザーブに置かれるなら、私を消耗する。それは消耗している限り、サポート能力を失い、プレイできない。）
カードを1枚引く。その後、あなたのランドマークにマナシード トークン1個を生成する。（それは、「[消耗],私を生け贄に捧げる:マナ・オーブ1つを非消耗にする。」を持つパーマネントである。）",
技術的遭遇,色違い,"クールダウン（私が私の効果の解決後にリザーブに置かれるなら、私を消耗する。それは消耗している限り、サポート能力を失い、プレイできない。）
カードを1枚引く。その後、あなたのランドマークにマナシード トークン1個を生成する。（それは、「[消耗],私を生け贄に捧げる:マナ・オーブ1つを非消耗にする。」を持つパーマネントである。）",
ファブラボユニット,コモン,"（私を探検隊にプレイする。私の探検隊が前進したなら、休息時に私をリザーブに送る。）
[消耗]:このターン、次にあなたの手札から私の探検隊にプレイされたキャラクターはその[ウラ]能力の1つを起動してもよい。",ファブラボは一般名詞であるらしい
ファブラボユニット,レア,"（私を探検隊にプレイする。私の探検隊が前進したなら、休息時に私をリザーブに送る。）
[消耗]:このターン、次にあなたの手札から私の探検隊にプレイされたキャラクターはその[ウラ]能力の1つを起動してもよい。その後、それは1ブーストを得る。（ブーストは+1/+1/+1カウンターである。探検隊を離れるとき、ブーストはなくなる。）",
ファブラボユニット,色違い,"（私を探検隊にプレイする。私の探検隊が前進したなら、休息時に私をリザーブに送る。）
[消耗]:このターン、次にあなたの手札から私の探検隊にプレイされたキャラクターはその[ウラ]能力の1つを起動してもよい。",
アクシオムの展示会,コモン,"（ランドマーク。私が一過を得ることはない。）
[消耗]:あなたのリザーブの対象のキャラクターは1ブーストを得る。その後、それを消耗する。（それは消耗している限り、サポート能力を失い、プレイできない。）（ブーストは+1/+1/+1カウンターである。探検隊を離れるとき、ブーストはなくなる。）",
アクシオムの展示会,レア,"（ランドマーク。私が一過を得ることはない。）
[消耗]:あなたのリザーブの対象のキャラクターは1ブーストを得る。その後、それを消耗する。（それは消耗している限り、サポート能力を失い、プレイできない。）
[消耗]:あなたのリザーブの対象のキャラクターは1ブーストを得る。その後、それを非消耗にする。（ブーストは+1/+1/+1カウンターである。探検隊を離れるとき、ブーストはなくなる。）",
アクシオムの展示会,色違い,"（ランドマーク。私が一過を得ることはない。）
[消耗]:あなたのリザーブの対象のキャラクターは1ブーストを得る。その後、それを消耗する。（それは消耗している限り、サポート能力を失い、プレイできない。）
[消耗]:あなたのリザーブの対象のキャラクターは1ブーストを得る。その後、それを非消耗にする。（ブーストは+1/+1/+1カウンターである。探検隊を離れるとき、ブーストはなくなる。）",
科学フェア,コモン,"（ランドマーク。私が一過を得ることはない。）
[消耗]:あなたの手札のカード1枚をリザーブに置く。そうしたなら、カードを1枚引く。",
科学フェア,レア,"（ランドマーク。私が一過を得ることはない。）
[両面]私を消耗する。
[消耗]:あなたの手札のカード1枚をリザーブに置き、その後それを消耗する。そうしたなら、カードを1枚引く。（それは消耗している限り、サポート能力を失い、プレイできない。）",
科学フェア,色違い,"（ランドマーク。私が一過を得ることはない。）
[両面]私を消耗する。
[消耗]:あなたの手札のカード1枚をリザーブに置き、その後それを消耗する。そうしたなら、カードを1枚引く。（それは消耗している限り、サポート能力を失い、プレイできない。）",
コンソーシアム,コモン,"（ランドマーク。私が一過を得ることはない。）
[両面]リサプライする。（あなたのデッキの一番上のカードをあなたのリザーブに置く。）
[消耗]:リザーブの対象のキャラクターは2ブーストを得る。（ブーストは+1/+1/+1カウンターである。探検隊を離れるとき、ブーストはなくなる。）",
コンソーシアム,レア,"（ランドマーク。私が一過を得ることはない。）
[消耗]:リサプライする。（あなたのデッキの一番上のカードをあなたのリザーブに置く。）その後、リザーブの対象のキャラクターは2ブーストを得る。（ブーストは+1/+1/+1カウンターである。探検隊を離れるとき、ブーストはなくなる。）",
コンソーシアム,色違い,"（ランドマーク。私が_一過_を得ることはない。）
[両面]リサプライする。（あなたのデッキの一番上のカードをあなたのリザーブに置く。）
[消耗]:リザーブの対象のキャラクターは2ブーストを得る。（ブーストは+1/+1/+1カウンターである。探検隊を離れるとき、ブーストはなくなる。）",
ソルとハルア,ヒーロー,あなたが一番先にパスをした時-私は冒険カウンターを1個得る。その後、私が3つ以上の冒険カウンターを持っているなら、ハルア 2/2/2 リバイアサン コンパニオントークンをあなたのコンパニオンの探検隊に生成する。（それは、「あなたのヒーローが5個以上の冒険カウンターを持っているなら、私は巨大である。」を持つ。）（巨大であるなら、それはあなたの両方の探検隊に存在しているとみなす。）,
モモンガ,コモン,[ウラ]私は1ブーストを得る。（ブーストは+1/+1/+1カウンターである。探検隊を離れるとき、ブーストはなくなる。）,
モモンガ,レア,[ウラ]私がコンタクト中なら、私は2ブーストを得る。そうでないなら、私は1ブーストを得る。（他のプレイヤーの探検隊が私の地域にいるなら、私はコンタクト中である。）,
モモンガ,色違い,[ウラ]私がコンタクト中なら、私は2ブーストを得る。そうでないなら、私は1ブーストを得る。（他のプレイヤーの探検隊が私の地域にいるなら、私はコンタクト中である。）,
気が利くダイバー,コモン,[両面]あなたはラッシュしてもよい。そうしないなら、対象の対戦相手は消耗リサプライする。（ラッシュするには、他のカード1枚をすぐにプレイする。）（あなたのデッキの一番上のカードをあなたのリザーブに置く。それを消耗する。それは消耗している限り、サポート能力を失い、プレイできない。）,
気が利くダイバー,レア,[両面]あなたはラッシュしてもよい。そうしないなら、対象の対戦相手は消耗リサプライする。（ラッシュするには、他のカード1枚をすぐにプレイする。）（あなたのデッキの一番上のカードをあなたのリザーブに置く。それを消耗する。それは消耗している限り、サポート能力を失い、プレイできない。）,
気が利くダイバー,色違い,[両面]あなたはラッシュしてもよい。そうしないなら、対象の対戦相手は消耗リサプライする。（ラッシュするには、他のカード1枚をすぐにプレイする。）（あなたのデッキの一番上のカードをあなたのリザーブに置く。それを消耗する。それは消耗している限り、サポート能力を失い、プレイできない。）,
ブラヴォスの見張り,コモン,[ウラ]私は1ブーストを得る。（ブーストは+1/+1/+1カウンターである。探検隊を離れるとき、ブーストはなくなる。）,
ブラヴォスの見張り,レア,"[ウラ]私は2ブーストを得る。（ブーストは+1/+1/+1カウンターである。探検隊を離れるとき、ブーストはなくなる。）
<サポート>捨て札:このターン、あなたが次にプレイしたキャラクターの[ウラ]能力の1つを発動する。",
ブラヴォスの見張り,色違い,"[ウラ]私は2ブーストを得る。（ブーストは+1/+1/+1カウンターである。探検隊を離れるとき、ブーストはなくなる。）
<サポート>捨て札:このターン、あなたが次にプレイしたキャラクターの[ウラ]能力の1つを発動する。",
イザベル・レザム,コモン,[ウラ]あなたはリサプライするためにラッシュしてもよい。（ラッシュするには、他のカード1枚をすぐにプレイする。）（あなたのデッキの一番上のカードをあなたのリザーブに置く。）,
イザベル・レザム,レア,[ウラ]リサプライする。その後、あなたはラッシュしてもよい。（あなたのデッキの一番上のカードをあなたのリザーブに置く。）（ラッシュするには、他のカード1枚をすぐにプレイする。）,
イザベル・レザム,色違い,[ウラ]リサプライする。その後、あなたはラッシュしてもよい。（あなたのデッキの一番上のカードをあなたのリザーブに置く。）（ラッシュするには、他のカード1枚をすぐにプレイする。）,
レカの艇長,コモン,"私の探検隊が前進する時-あなたのランドマークにマナシード トークン1個を生成する。（それは、「［消耗］,私を生け贄に捧げる:マナ・オーブ1つを非消耗にする。」を持つパーマネントである。）",
レカの艇長,レア,"[ウラ]私は1ブーストを得る。（ブーストは+1/+1/+1カウンターである。探検隊を離れるとき、ブーストはなくなる。）
私の探検隊が前進する時-あなたのランドマークにマナシード トークン1個を生成する。（それは、「［消耗］,私を生け贄に捧げる:マナ・オーブ1つを非消耗にする。」を持つパーマネントである。）",
レカの艇長,色違い,"私の探検隊が前進する時-あなたのランドマークにマナシード トークン1個を生成する。（それは、「［消耗］,私を生け贄に捧げる:マナ・オーブ1つを非消耗にする。」を持つパーマネントである。）",
深い雲のインストラクター,コモン,"[表]あなたはキャラクター1体をラッシュしてもよい。手札からプレイしたなら、それはその[ウラ]能力の1つを起動する。（ラッシュするには、他のカード1枚をすぐにプレイする。）
[ウラ]私は2ブーストを得る。（ブーストは+1/+1/+1カウンターである。探検隊を離れるとき、ブーストはなくなる。）",濃い雲はthick cloudやdark cloudである。deep-cloudも似たような意味であると思われる。
深い雲のインストラクター,レア,"[両面]あなたはキャラクター1体をラッシュしてもよい。手札からプレイしたなら、それはその[ウラ]能力の1つを起動する。（ラッシュするには、他のカード1枚をすぐにプレイする。）
[ウラ]私は1ブーストを得る。（ブーストは+1/+1/+1カウンターである。探検隊を離れるとき、ブーストはなくなる。）",
深い雲のインストラクター,色違い,"[両面]あなたはキャラクター1体をラッシュしてもよい。手札からプレイしたなら、それはその[ウラ]能力の1つを起動する。（ラッシュするには、他のカード1枚をすぐにプレイする。）
[ウラ]私は1ブーストを得る。（ブーストは+1/+1/+1カウンターである。探検隊を離れるとき、ブーストはなくなる。）",
ブラヴォスの雲攻め,コモン,[ウラ]サボタージュする。こうしてキャラクターカードを捨て札にしたなら、私は1ブーストを得る。（リザーブのカード最大1枚を対象とし、それを捨て札にする。）,hogは貪欲な奴というスラング。雲にばかりアタックしたがるエアサーファーといったところ。
ブラヴォスの雲攻め,レア,[ウラ]サボタージュする。こうしてキャラクターカードを捨て札にしたなら、私は2ブーストを得て、そうでないなら私は1ブーストを得る。（リザーブのカード最大1枚を対象とし、それを捨て札にする。）,
ブラヴォスの雲攻め,色違い,[ウラ]サボタージュする。こうしてキャラクターカードを捨て札にしたなら、私は2ブーストを得て、そうでないなら私は1ブーストを得る。（リザーブのカード最大1枚を対象とし、それを捨て札にする。）,
レカの行商人,コモン,"[ウラ]私は_一過_を失う。その後、対象の対戦相手のランドマークに、マナシード トークン1個を生成する。（それは、「[消耗],私を生け贄に捧げる:マナ・オーブ1つを非消耗にする。」を持つパーマネントである。）",
レカの行商人,レア,"[ウラ]あなたは対象の対戦相手のランドマークにマナシード トークン1個を生成してもよい。そうしたなら、私は_一過_を失う。（それは、「[消耗],私を生け贄に捧げる:マナ・オーブ1つを非消耗にする。」を持つパーマネントである。）",
レカの行商人,色違い,"[ウラ]あなたは対象の対戦相手のランドマークにマナシード トークン1個を生成してもよい。そうしたなら、私は_一過_を失う。（それは、「[消耗],私を生け贄に捧げる:マナ・オーブ1つを非消耗にする。」を持つパーマネントである。）",
ヘイヴンの訓練者,コモン,[表]あなたはラッシュしてもよい。（ラッシュするには、他のカード1枚をすぐにプレイする。）こうしてあなたがリザーブからカードをプレイするなら、あなたはそのリザーブコストの代わりに手札コストを支払ってもよい。,BTGにいたhaven traineeのセルフパロディ。ヘイヴンはブラヴォスの要塞の名前で、固有名詞。
ヘイヴンの訓練者,レア,[両面]あなたはラッシュしてもよい。（ラッシュするには、他のカード1枚をすぐにプレイする。）こうしてあなたがリザーブからカードをプレイするなら、あなたはそのリザーブコストの代わりに手札コストを支払ってもよい。,
ヘイヴンの訓練者,色違い,[両面]あなたはラッシュしてもよい。（ラッシュするには、他のカード1枚をすぐにプレイする。）こうしてあなたがリザーブからカードをプレイするなら、あなたはそのリザーブコストの代わりに手札コストを支払ってもよい。,
オウムガイ,コモン,<サポート>捨て札:このターン、あなたが次にプレイしたキャラクターの[ウラ]能力の1つを発動する。,kedarmはパラオ語でオウムガイという意味らしい
オウムガイ,レア,"私が探検隊からリザーブに置かれた時-あなたはあなたのリザーブの対象の他のキャラクター1体をあなたの手札に戻してもよい。
<サポート>捨て札:このターン、あなたが次にプレイしたキャラクターの[ウラ]能力の1つを発動する。",
オウムガイ,色違い,"私が探検隊からリザーブに置かれた時-あなたはあなたのリザーブの対象の他のキャラクター1体をあなたの手札に戻してもよい。
<サポート>捨て札:このターン、あなたが次にプレイしたキャラクターの[ウラ]能力の1つを発動する。",
生き分かれた兄弟,コモン,[ウラ]あなたはカードを1枚引くために[1]を支払ってもよい。,
生き分かれた兄弟,レア,あなたが一番先にパスした時-あなたはカードを1枚引くために[1]を支払ってもよい。,
生き分かれた兄弟,色違い,あなたが一番先にパスした時-あなたはカードを1枚引くために[1]を支払ってもよい。,
レカの釣り人,コモン,"[ウラ]あなたのランドマークに、マナシード トークン2個を生成する。（それは、「[消耗],私を生け贄に捧げる:マナ・オーブ1つを非消耗にする。」を持つパーマネントである。）",
レカの釣り人,レア,"[ウラ]カードを1枚引く。
[ウラ]あなたのランドマークに、マナシード トークン2個を生成する。（それは、「[消耗],私を生け贄に捧げる:マナ・オーブ1つを非消耗にする。」を持つパーマネントである。）",
レカの釣り人,色違い,"[ウラ]カードを1枚引く。
[ウラ]あなたのランドマークに、マナシード トークン2個を生成する。（それは、「[消耗],私を生け贄に捧げる:マナ・オーブ1つを非消耗にする。」を持つパーマネントである。）",
ネペレー,コモン,"[両面]あなたはパスしてもよい。そうしないなら、対象の対戦相手のランドマークに、マナシード トークン1個を生成する。（それは、「[消耗],私を生け贄に捧げる:マナ・オーブ1つを非消耗にする。」を持つパーマネントである。）",
ネペレー,レア,"[両面]あなたはパスしてもよい。そうしたなら、対象の他のプレイヤー1人のランドマークに、マナシード トークン1個を生成する。（それは、「[消耗],私を生け贄に捧げる:マナ・オーブ1つを非消耗にする。」を持つパーマネントである。）",
ネペレー,色違い,"[両面]あなたはパスしてもよい。そうしたなら、対象の他のプレイヤー1人のランドマークに、マナシード トークン1個を生成する。（それは、「[消耗],私を生け贄に捧げる:マナ・オーブ1つを非消耗にする。」を持つパーマネントである。）",
レカ六樹冠、ワナックス,エグザルテッド,"このターン、あなたがプレイしたカード1枚につき、私のコストは[1]減る。
[両面]パスする。",今日の午後ではないことに注意。
市場的遭遇,コモン,"あなたのランドマークに、マナシード トークン1個を生成する。（それは、「[消耗],私を生け贄に捧げる:マナ・オーブ1つを非消耗にする。」を持つパーマネントである。）
<サポート>[捨て札]:このターン、あなたが次にプレイしたキャラクターの[ウラ]能力の1つを発動する。",〇〇的遭遇サイクル。
市場的遭遇,レア,"あなたのデッキの一番上のカードをあなたのマナ・ゾーンに置く。（それらは消耗したマナ・オーブである）
<サポート>[捨て札]:このターン、あなたが次にプレイしたキャラクターの[ウラ]能力の1つを発動する。",
市場的遭遇,色違い,"あなたのランドマークに、マナシード トークン1個を生成する。（それは、「[消耗],私を生け贄に捧げる:マナ・オーブ1つを非消耗にする。」を持つパーマネントである。）
<サポート>[捨て札]:このターン、あなたが次にプレイしたキャラクターの[ウラ]能力の1つを発動する。",
今日の釣果,コモン,"他のプレイヤーのコントロールする対象のキャラクターを持ち主の手札に戻す。その後、そのプレイヤーのランドマークにマナシード トークン1個を生成する。（それは、「[消耗],私を生け贄に捧げる:マナ・オーブ1つを非消耗にする。」を持つパーマネントである。）",
今日の釣果,レア,"他のプレイヤーのコントロールする対象のキャラクターを持ち主の手札に戻す。その後、あなたのランドマークにマナシード トークン1個を生成する。（それは、「[消耗],私を生け贄に捧げる:マナ・オーブ1つを非消耗にする。」を持つパーマネントである。）",
今日の釣果,色違い,"他のプレイヤーのコントロールする対象のキャラクターを持ち主の手札に戻す。その後、そのプレイヤーのランドマークにマナシード トークン1個を生成する。（それは、「[消耗],私を生け贄に捧げる:マナ・オーブ1つを非消耗にする。」を持つパーマネントである。）",
ライダーマスク,コモン,"（私を探検隊にプレイする。私の探検隊が前進したなら、休息時に私をリザーブに送る。）
[消耗],[1]:このターン、次に私の探検隊に加わるキャラクターは2ブーストを得る。（ブーストは+1/+1/+1カウンターである。探検隊を離れるとき、ブーストはなくなる。）",
ライダーマスク,レア,"（私を探検隊にプレイする。私の探検隊が前進したなら、休息時に私をリザーブに送る。）
私の探検隊のブースト中のキャラクターはそれぞれタフ1を持つ。（対戦相手が私を対象にするなら、[1]を追加で支払う。）
[消耗],[X]:このターン、次に私の探検隊に加わるキャラクターはXブーストを得る。（ブーストは+1/+1/+1カウンターである。探検隊を離れるとき、ブーストはなくなる。）",
ライダーマスク,色違い,"（私を探検隊にプレイする。私の探検隊が前進したなら、休息時に私をリザーブに送る。）
[消耗],[1]:このターン、次に私の探検隊に加わるキャラクターは2ブーストを得る。（ブーストは+1/+1/+1カウンターである。探検隊を離れるとき、ブーストはなくなる。）",
ナディアとバブルス,ヒーロー,"私は森、山、海の地形マーカーを1つずつ持ってゲームを開始する。
昼に-あなたは私の地形マーカーのうち1つを、対象の見えている地域に置いてもよい。（その地域は、地形マーカーが置かれている限り、そのマーカーの地形のみを持ち、そのほかの地形を失う。）",
ピノキオ,コモン,能力なし,
ピノキオ,レア,[ウラ]あなたがコントロールしているキャラクターのうちに3つ以上の0である基本スタッツがあるなら、カードを1枚引く。,
ピノキオ,色違い,[ウラ]あなたがコントロールしているキャラクターのうちに3つ以上の0である基本スタッツがあるなら、カードを1枚引く。,
レカのガイド,コモン,<サポート>[捨て札]:あなたのリザーブの他のキャラクター1体をあなたの手札に戻す。,
レカのガイド,レア,<サポート>[捨て札]:あなたのリザーブの他のキャラクター1体をあなたの手札に戻す。,
レカのガイド,色違い,<サポート>[捨て札]:あなたのリザーブの他のキャラクター1体をあなたの手札に戻す。,
レカのジップライン乗り,コモン,能力なし,
レカのジップライン乗り,レア,"[表]私が海にいるなら、あなたのランドマークにマナシード トークン1個を生成する。（それは、「[消耗],私を生け贄に捧げる:マナ・オーブ1つを非消耗にする。」を持つパーマネントである。）",
レカのジップライン乗り,色違い,"[表]私が海にいるなら、あなたのランドマークにマナシード トークン1個を生成する。（それは、「[消耗],私を生け贄に捧げる:マナ・オーブ1つを非消耗にする。」を持つパーマネントである。）",
レカのバーメイド,コモン,夕方に-私がコンタクト中なら、私は1ブーストを得る。（他のプレイヤーの探検隊が私の地域にいるなら、私はコンタクト中である。）（ブーストは+1/+1/+1カウンターである。探検隊を離れるとき、ブーストはなくなる。）,
レカのバーメイド,レア,"夕方に-私がコンタクト中なら、私は1ブーストを得る。（他のプレイヤーの探検隊が私の地域にいるなら、私はコンタクト中である。）（ブーストは+1/+1/+1カウンターである。探検隊を離れるとき、ブーストはなくなる。）
<サポート>[捨て札]:このターン、次にあなたがプレイするキャラクターは1ブーストを得る。",
レカのバーメイド,色違い,"夕方に-私がコンタクト中なら、私は1ブーストを得る。（他のプレイヤーの探検隊が私の地域にいるなら、私はコンタクト中である。）（ブーストは+1/+1/+1カウンターである。探検隊を離れるとき、ブーストはなくなる。）
<サポート>[捨て札]:このターン、次にあなたがプレイするキャラクターは1ブーストを得る。",
夜の盛り上げ役、ニャラ,コモン,[表]私がコンタクト中なら、あなたはあなたのリザーブのカード1枚をあなたの手札のカード1枚と交換してもよい。,TBFにもいた人
夜の盛り上げ役、ニャラ,レア,"[表]私がコンタクト中なら、あなたはあなたのリザーブのカード1枚をあなたの手札のカード1枚と交換してもよい。
<サポート>[捨て札]:あなたのリザーブの他のカード1枚をあなたの手札のカード1枚と交換する。",
夜の盛り上げ役、ニャラ,色違い,"[表]私がコンタクト中なら、あなたはあなたのリザーブのカード1枚をあなたの手札のカード1枚と交換してもよい。
<サポート>[捨て札]:あなたのリザーブの他のカード1枚をあなたの手札のカード1枚と交換する。",
都市探検の専門家,コモン,私がコンタクト中なら、私の森と山と海のスタッツは私のそれらの最大のスタッツに等しい。（他のプレイヤーの探検隊が私の地域にいるなら、私はコンタクト中である。）,
都市探検の専門家,レア,"私がコンタクト中なら、私の森と山と海のスタッツは私のそれらの最大のスタッツに等しい。（他のプレイヤーの探検隊が私の地域にいるなら、私はコンタクト中である。）
[両面]私がコンタクト中でないなら、私は1ブーストを得る。（ブーストは+1/+1/+1カウンターである。探検隊を離れるとき、ブーストはなくなる。）",
都市探検の専門家,色違い,"私が森にいるなら、私の森と山と海のスタッツは私のそれらの最大のスタッツに等しい。
[両面]私が森にいないなら、私は1ブーストを得る。（ブーストは+1/+1/+1カウンターである。探検隊を離れるとき、ブーストはなくなる。）",
チャリオットレーサー、ディオクレス,コモン,"私は開始時の地域にはプレイできない。
[両面]私の探検隊は1地域後退する。
私が探検隊を離れた時-私の探検隊は1地域前進する。",音写しただけやないかい
チャリオットレーサー、ディオクレス,レア,"私を開始時の地域にプレイするなら、追加で[3]を支払う。
[両面]私の探検隊は1地域後退する。
私が探検隊を離れた時-私の探検隊は1地域前進する。",
チャリオットレーサー、ディオクレス,色違い,"私を開始時の地域にプレイするなら、追加で[3]を支払う。
[両面]私の探検隊は1地域後退する。
私が探検隊を離れた時-私の探検隊は1地域前進する。",
ナイトクラブの用心棒,コモン,[表]私がコンタクト中なら、サボタージュする。（他のプレイヤーの探検隊が私の地域にいるなら、私はコンタクト中である。）（リザーブのカード最大1枚を対象とし、それを捨て札にする。）,
ナイトクラブの用心棒,レア,[表]私がコンタクト中なら、サボタージュする。そうでないなら、リザーブの対象のカードを消耗する。（他のプレイヤーの探検隊が私の地域にいるなら、私はコンタクト中である。）（リザーブのカード最大1枚を対象とし、それを捨て札にする。）（それは消耗している限り、サポート能力を失い、プレイできない。）,
ナイトクラブの用心棒,色違い,[表]私がコンタクト中なら、サボタージュする。そうでないなら、リザーブの対象のカードを消耗する。（他のプレイヤーの探検隊が私の地域にいるなら、私はコンタクト中である。）（リザーブのカード最大1枚を対象とし、それを捨て札にする。）（それは消耗している限り、サポート能力を失い、プレイできない。）,
チェシャ猫,コモン,[表]私がコンタクト中なら、あなたは対象のキャラクターの探検隊を入れ替えてもよい。（他のプレイヤーの探検隊が私の地域にいるなら、私はコンタクト中である。）,
チェシャ猫,レア,[表]私がコンタクト中なら、あなたは対象のキャラクターの探検隊を入れ替えてもよい。（他のプレイヤーの探検隊が私の地域にいるなら、私はコンタクト中である。）,
チェシャ猫,色違い,[表]私がコンタクト中なら、あなたは対象のキャラクターの探検隊を入れ替えてもよい。（他のプレイヤーの探検隊が私の地域にいるなら、私はコンタクト中である。）,
ドン・ファン,コモン,私が探検隊からリザーブに置かれるなら、代わりに私は_一過_を得て亡命する。（私がリザーブに送られるなら、代わりに捨て札にする。）（それはコントローラーを変更し、それの相対している探検隊に加わる。）,
ドン・ファン,レア,私が探検隊からリザーブに置かれるなら、代わりに私は_一過_を得て亡命する。（私がリザーブに送られるなら、代わりに捨て札にする。）（それはコントローラーを変更し、それの相対している探検隊に加わる。）,
ドン・ファン,色違い,私が探検隊からリザーブに置かれるなら、代わりに私は_一過_を得て亡命する。（私がリザーブに送られるなら、代わりに捨て札にする。）（それはコントローラーを変更し、それの相対している探検隊に加わる。）,
ホステルの夜番,コモン,"あなたはキャラクター1体を対象としてもよい。そうしたなら、それは_睡眠_を得て、その後そのコントローラーのランドマークにマナシード トークン1個を生成する。（夕方、私のスタッツを無視する。休息時、それはリザーブに送られず、代わりに睡眠を失う。）（それは、「［消耗］,私を生け贄に捧げる:マナ・オーブ1つを非消耗にする。」を持つパーマネントである。）",
ホステルの夜番,レア,"あなたはキャラクター1体を対象としてもよい。そうしたなら、それは_睡眠_を得る。あなたがそれをコントロールしていたなら、その後あなたのランドマークにマナシード トークン1個を生成する。（夕方、私のスタッツを無視する。休息時、それはリザーブに送られず、代わりに睡眠を失う。）（それは、「［消耗］,私を生け贄に捧げる:マナ・オーブ1つを非消耗にする。」を持つパーマネントである。）",
ホステルの夜番,色違い,"あなたはキャラクター1体を対象としてもよい。そうしたなら、それは_睡眠_を得て、その後そのコントローラーのランドマークにマナシード トークン1個を生成する。（夕方、私のスタッツを無視する。休息時、それはリザーブに送られず、代わりに睡眠を失う。）（それは、「［消耗］,私を生け贄に捧げる:マナ・オーブ1つを非消耗にする。」を持つパーマネントである。）",
ライラのDJ,コモン,私をコンタクト中の探検隊にプレイするなら、あなたはコストを[2]減らして私をプレイしてもよい。（他のプレイヤーの探検隊がその地域にいるなら、それはコンタクト中である。）,
ライラのDJ,レア,"私をコンタクト中の探検隊にプレイするなら、あなたはコストを[2]減らして私をプレイしてもよい。（他のプレイヤーの探検隊がその地域にいるなら、それはコンタクト中である。）
[両面]あなたの各探検隊がコンタクト中なら、カードを1枚引く。",
ライラのDJ,色違い,"私をコンタクト中の探検隊にプレイするなら、あなたはコストを[2]減らして私をプレイしてもよい。（他のプレイヤーの探検隊がその地域にいるなら、それはコンタクト中である。）
[両面]あなたの各探検隊がコンタクト中なら、カードを1枚引く。",
レカ六樹冠、ポイボス,エグザルテッド,[表]対象の対戦相手は自分の手札から無作為なカード1枚を公開する。私がコンタクト中なら、あなたはそれを即座に無料でプレイしてもよく、それは_一過_を得る。そうでないなら、そのカードを捨て札にする。,
ピンクに塗れ！,コモン,"_一過_（私がリザーブに送られるなら、代わりに捨て札にする。）
あなたの探検隊の少なくとも1つがコンタクト中なら、私のコストを[1]減らしてプレイしてもよい。（他のプレイヤーの探検隊が私の地域にいるなら、私はコンタクト中である。）
対象のキャラクターかパーマネントをその持ち主のデッキの一番上に戻す。",splatoonでイカを倒してリスポーン地点に戻すのが元ネタ？
ピンクに塗れ！,レア,"_一過_（私がリザーブに送られるなら、代わりに捨て札にする。）
コンタクト中であるあなたの探検隊1つにつき、私のコストを[1]減らしてプレイしてもよい。（他のプレイヤーの探検隊が私の地域にいるなら、私はコンタクト中である。）
対象のキャラクターかパーマネントをその持ち主のデッキの一番上に戻す。",
ピンクに塗れ！,色違い,"_一過_（私がリザーブに送られるなら、代わりに捨て札にする。）
コンタクト中であるあなたの探検隊1つにつき、私のコストを[1]減らしてプレイしてもよい。（他のプレイヤーの探検隊が私の地域にいるなら、私はコンタクト中である。）
対象のキャラクターかパーマネントをその持ち主のデッキの一番上に戻す。",
情熱的遭遇,コモン,対象の対戦相手は自分のデッキの上から4枚のカードを公開する。あなたはそれらのカードのうちキャラクター1つを無料でプレイしてもよく、それは_一過_を得る。残りを捨て札にする。（私がリザーブに送られるなら、代わりに捨て札にする。）,アケシャとTBFにいたサスキア？
情熱的遭遇,レア,"_一過_（私がリザーブに送られるなら、代わりに捨て札にする。） （リザーブからプレイするならリザーブコスト、そうでないなら手札コストである。）
あなたから始めて、各プレイヤーについて以下を行う:
・そのプレイヤーは自分のデッキの上から4枚のカードを公開する。あなたはそれらのカードのうち基本コスト[3]以下のキャラクター1つを無料でプレイしてもよく、それは_一過_を得る。残りを捨て札にする。（私がリザーブに送られるなら、代わりに捨て札にする。）",
情熱的遭遇,色違い,"_一過_（私がリザーブに送られるなら、代わりに捨て札にする。）
あなたから始めて、各プレイヤーについて以下を行う:
・そのプレイヤーは自分のデッキの上から4枚のカードを公開する。あなたはそれらのカードのうち基本コスト[3]以下のキャラクター1つを無料でプレイしてもよく、それは_一過_を得る。残りを捨て札にする。（私がリザーブに送られるなら、代わりに捨て札にする。）（リザーブからプレイするならリザーブコスト、そうでないなら手札コストである。）",
レカのヘッドセット,コモン,"（私を探検隊にプレイする。私の探検隊が前進したなら、休息時に私をリザーブに送る。） 
私の探検隊とそれの各キャラクターはコンタクト中であるとみなす。（他のプレイヤーの探検隊が私の地域にいるのでなくても。）
[消耗]:このターン、次に私の探検隊に加わるキャラクターは1ブーストを得る。（ブーストは+1/+1/+1カウンターである。探検隊を離れるとき、ブーストはなくなる。）",
レカのヘッドセット,レア,"（私を探検隊にプレイする。私の探検隊が前進したなら、休息時に私をリザーブに送る。） 
私の探検隊とそれの各キャラクターはコンタクト中であるとみなす。（他のプレイヤーの探検隊が私の地域にいるのでなくても。）
[消耗]:このターン、次に私の探検隊に加わるキャラクターは1ブーストを得る。（ブーストは+1/+1/+1カウンターである。探検隊を離れるとき、ブーストはなくなる。）",
レカのヘッドセット,色違い,"（私を探検隊にプレイする。私の探検隊が前進したなら、休息時に私をリザーブに送る。） 
私の探検隊は遅れているとみなす。（それが相対している探検隊より先んじているか同地であったとしても。）
[消耗]:このターン、次に私の探検隊に加わるキャラクターは1ブーストを得る。（ブーストは+1/+1/+1カウンターである。探検隊を離れるとき、ブーストはなくなる。）",
ケーブルカー駅,コモン,"（ランドマーク。私が一過を得ることはない。）
[両面]リサプライし、その後私は移動カウンターを2個得る。（あなたのデッキの一番上のカードをあなたのリザーブに置く。）
[消耗],私の移動カウンター1個を支払う:あなたの探検隊の1つは1地域後退する。そうしたなら、あなたの他の探検隊は1地域前進する。",
ケーブルカー駅,レア,"（ランドマーク。私が一過を得ることはない。）
[両面]カードを1枚引き、その後私は移動カウンターを2個得る。
[消耗],私の移動カウンター1個を支払う:あなたの探検隊の1つは1地域後退する。そうしたなら、あなたの他の探検隊は1地域前進する。",
ケーブルカー駅,色違い,"（ランドマーク。私が一過を得ることはない。）
[両面]カードを1枚引き、その後私は移動カウンターを2個得る。
[消耗],私の移動カウンター1個を支払う:あなたの探検隊の1つは1地域後退する。そうしたなら、あなたの他の探検隊は1地域前進する。",
トゥルーンとベニー,ヒーロー,"あなたが贈り物をした時-あなたはそれを自分も受け取るために私を消耗してもよい。（あなたのターンに対戦相手1人がカードを1枚引くか、リサプライするか、トークンを受け取ったなら、それは贈り物である。）
最初の日の間、私の能力は無視する。",モンゴル語のтуруунでトゥルーン。原文ではGiftのみがキーワード扱いですが、日本語ではmake giftの熟語を分解して記述することはできなかったです。
気前のよいレカ市民,コモン,能力なし,
気前のよいレカ市民,レア,"[両面]各プレイヤーのランドマークに、マナシード トークン1個を生成する。（それは、「[消耗],私を生け贄に捧げる:マナ・オーブ1つを非消耗にする。」を持つパーマネントである。）",
気前のよいレカ市民,色違い,"[両面]各プレイヤーのランドマークに、マナシード トークン1個を生成する。（それは、「[消耗],私を生け贄に捧げる:マナ・オーブ1つを非消耗にする。」を持つパーマネントである。）",
ウサギの農家,コモン,あなたが贈り物をした時-私がブーストを持っていないなら、私は1ブーストを得る。（あなたのターンに対戦相手1人がカードを1枚引くか、リサプライするか、トークンを受け取ったなら、それは贈り物である。）,
ウサギの農家,レア,あなたが贈り物をした時-私がブーストを持っていないなら、私は1ブーストを得る。（あなたのターンに対戦相手1人がカードを1枚引くか、リサプライするか、トークンを受け取ったなら、それは贈り物である。）,
ウサギの農家,色違い,あなたが贈り物をした時-私がブーストを持っていないなら、私は1ブーストを得る。（あなたのターンに対戦相手1人がカードを1枚引くか、リサプライするか、トークンを受け取ったなら、それは贈り物である。）,
レカの採集者,コモン,"<サポート>[捨て札]:各プレイヤーのランドマークに、マナシード トークン1個を生成する。（それは、「[消耗],私を生け贄に捧げる:マナ・オーブ1つを非消耗にする。」を持つパーマネントである。）",収集だと廃棄物の文脈に聞こえるため採集としました。
レカの採集者,レア,"昼に-あなたのランドマークに、マナシード トークン1個を生成する。（それは、「[消耗],私を生け贄に捧げる:マナ・オーブ1つを非消耗にする。」を持つパーマネントである。）
<サポート>[捨て札]:各プレイヤーのランドマークに、マナシード トークン1個を生成する。",
レカの採集者,色違い,"昼に-あなたのランドマークに、マナシード トークン1個を生成する。（それは、「[消耗],私を生け贄に捧げる:マナ・オーブ1つを非消耗にする。」を持つパーマネントである。）
<サポート>[捨て札]:各プレイヤーのランドマークに、マナシード トークン1個を生成する。",
レカの小売商,コモン,"[ウラ]リサプライする。（あなたのデッキの一番上のカードをあなたのリザーブに置く。）その後、対象の対戦相手のランドマークに、マナシード トークン1個を生成する。（それは、「[消耗],私を生け贄に捧げる:マナ・オーブ1つを非消耗にする。」を持つパーマネントである。）",
レカの小売商,レア,"[ウラ]あなたのデッキの一番上のカードをあなたのマナ・ゾーンに置く。（それらは消耗したマナ・オーブである）その後、対象の対戦相手のランドマークに、マナシード トークン1個を生成する。（それは、「[消耗],私を生け贄に捧げる:マナ・オーブ1つを非消耗にする。」を持つパーマネントである。）",
レカの小売商,色違い,"[ウラ]あなたのデッキの一番上のカードをあなたのマナ・ゾーンに置く。（それらは消耗したマナ・オーブである）その後、対象の対戦相手のランドマークに、マナシード トークン1個を生成する。（それは、「[消耗],私を生け贄に捧げる:マナ・オーブ1つを非消耗にする。」を持つパーマネントである。）",
ムーナの植物学者,コモン,"[表]対象の対戦相手はリサプライする。（あなたのデッキの一番上のカードをあなたのリザーブに置く。）
[表]あなたは他の基本コスト[3]以下のキャラクター1体を対象にしてもよい。それは_アンカー_を得る。（休息時、私はリザーブに送られず、代わりに_アンカー_を失う。）（_一過_を持つならならリザーブコスト、そうでないなら手札コストである。）",
ムーナの植物学者,レア,"[表]対象の対戦相手は消耗リサプライする。（あなたのデッキの一番上のカードをあなたのリザーブに置く。それを消耗する。それは消耗している限り、サポート能力を失い、プレイできない。）
[表]あなたは他の基本コスト[3]以下のキャラクター1体を対象にしてもよい。それは_アンカー_を得る。（休息時、私はリザーブに送られず、代わりにアンカーを失う。）（_一過_を持つならならリザーブコスト、そうでないなら手札コストである。）",
ムーナの植物学者,色違い,"[表]対象の対戦相手は消耗リサプライする。（あなたのデッキの一番上のカードをあなたのリザーブに置く。それを消耗する。それは消耗している限り、サポート能力を失い、プレイできない。）
[表]あなたは他の基本コスト[3]以下のキャラクター1体を対象にしてもよい。それは_アンカー_を得る。（休息時、私はリザーブに送られず、代わりにアンカーを失う。）（_一過_を持つならならリザーブコスト、そうでないなら手札コストである。）",
ヘスペリデ,コモン,[表]あなたは対象のパーマネントを持ち主の手札に戻すために[2]を支払ってもよい。,ヘスペリデスの単数形のことであろうと思われる。（wikipediaによれば単数形はへスぺリスだが…）
ヘスペリデ,レア,"[表]あなたは対象のパーマネントを持ち主の手札に戻してもよい。そうしたなら、それのコントローラーのランドマークに、マナシード トークン1個を生成する。（それは、「[消耗],私を生け贄に捧げる:マナ・オーブ1つを非消耗にする。」を持つパーマネントである。）",
ヘスペリデ,色違い,"[表]あなたは対象のパーマネントを持ち主の手札に戻してもよい。そうしたなら、それのコントローラーのランドマークに、マナシード トークン1個を生成する。（それは、「[消耗],私を生け贄に捧げる:マナ・オーブ1つを非消耗にする。」を持つパーマネントである。）",
ナオスの娘,コモン,"私が_アンカー_を持っているなら、私は防衛を持つ。（私の探検隊は夕方に前進できない。）
[両面]私は_アンカー_を得る。（休息時、私はリザーブに送られず、代わりにアンカーを失う。）",ナオスとはレカの中央の大木のこと。
ナオスの娘,レア,"私が_アンカー_を持っているなら、私は防衛を持つ。（私の探検隊は夕方に前進できない。）
[両面]私は_アンカー_を得る。（休息時、私はリザーブに送られず、代わりにアンカーを失う。）
あなたが贈り物をした時-私が持っているのが2ブースト未満なら、私は1ブーストを得る。（あなたのターンに対戦相手1人がカードを1枚引くか、リサプライするか、トークンを受け取ったなら、それは贈り物である。）",
ナオスの娘,色違い,"私が_アンカー_を持っているなら、私は防衛を持つ。（私の探検隊は夕方に前進できない。）
[両面]私は_アンカー_を得る。（休息時、私はリザーブに送られず、代わりにアンカーを失う。）",
レカの農学者,コモン,"[表]対象の対戦相手のランドマークに、マナシード トークン1個を生成する。（それは、「[消耗],私を生け贄に捧げる:マナ・オーブ1つを非消耗にする。」を持つパーマネントである。）",
レカの農学者,レア,"[両面]対象の対戦相手のランドマークに、マナシード トークン1個を生成する。（それは、「[消耗],私を生け贄に捧げる:マナ・オーブ1つを非消耗にする。」を持つパーマネントである。）",
レカの農学者,色違い,"[表]対象の他のプレイヤーのランドマークに、マナシード トークン1個を生成する。（それは、「[消耗],私を生け贄に捧げる:マナ・オーブ1つを非消耗にする。」を持つパーマネントである。）",
激怒した庭師、フローレ,コモン,[両面]あなたは場の対象のパーマネントかリザーブの対象のカードを消耗してもよい。（それは消耗している限り、サポート能力を失い、プレイできない。）,頭から湯気が出るほど怒っているという意味。2つ名が悪口やないかい
激怒した庭師、フローレ,レア,[両面]あなたは場の対象のパーマネントを消耗してもよい。その後、あなたはリザーブの対象のカードを消耗してもよい。（それは消耗している限り、サポート能力を失い、プレイできない。）,
激怒した庭師、フローレ,色違い,[両面]あなたは場の対象のパーマネントを消耗してもよい。その後、あなたはリザーブの対象のカードを消耗してもよい。（それは消耗している限り、サポート能力を失い、プレイできない。）,
大鵬,コモン,<サポート>[捨て札]:各プレイヤーはカードを1枚引く。,
大鵬,レア,"タフ1（対戦相手が私を対象にするなら、[1]を追加で支払う。）
<サポート>[捨て札]:各プレイヤーはカードを1枚引く。",
大鵬,色違い,"タフ1（対戦相手が私を対象にするなら、[1]を追加で支払う。）
<サポート>[捨て札]:各プレイヤーはカードを1枚引く。",
ナオスの息子,コモン,"巨大（私はあなたの両方の探検隊に存在しているとみなす。）
[両面]対象の対戦相手はカードを1枚引く。",木にはいつも娘と息子がいるらしい
ナオスの息子,レア,"巨大（私はあなたの両方の探検隊に存在しているとみなす。）
[両面]あなたは対戦相手1人を対象としてもよい。そのプレイヤーはカードを1枚引く。
あなたが贈り物をした時-私は1ブーストを得る。（あなたのターンに対戦相手1人がカードを1枚引くか、リサプライするか、トークンを受け取ったなら、それは贈り物である。）",
ナオスの息子,色違い,"巨大（私はあなたの両方の探検隊に存在しているとみなす。）
[両面]あなたは対戦相手1人を対象としてもよい。そのプレイヤーはカードを1枚引く。
あなたが贈り物をした時-私は1ブーストを得る。（あなたのターンに対戦相手1人がカードを1枚引くか、リサプライするか、トークンを受け取ったなら、それは贈り物である。）",
レカ六樹冠、プルトス,エグザルテッド,"[両面]対象のプレイヤーは消耗リサプライする。（あなたのデッキの一番上のカードをあなたのリザーブに置く。それを消耗する。それは消耗している限り、サポート能力を失い、プレイできない。）
あなたが贈り物をした時-対象のキャラクターは_アンカー_を得る。（休息時、私はリザーブに送られず、代わりにアンカーを失う。）",
ニュートンの法則,コモン,"_一過_（私がリザーブに送られるなら、代わりに捨て札にする。）
対象の対戦相手のランドマークにマナシード トークン1個を生成する。（それは、「[消耗],私を生け贄に捧げる:マナ・オーブ1つを非消耗にする。」を持つパーマネントである。）
その後、そのプレイヤーがコントロールする対象の基本コスト[3]以下のキャラクターをリザーブに送る。（_一過_を持つならならリザーブコスト、そうでないなら手札コストである。）",
ニュートンの法則,レア,"_一過_（私がリザーブに送られるなら、代わりに捨て札にする。）
対象の対戦相手のランドマークにマナシード トークン1個を生成する。（それは、「[消耗],私を生け贄に捧げる:マナ・オーブ1つを非消耗にする。」を持つパーマネントである。）
その後、そのプレイヤーがコントロールする対象の基本コスト[3]以下のキャラクターを捨て札にする。（_一過_を持つならならリザーブコスト、そうでないなら手札コストである。）",
ニュートンの法則,色違い,"_一過_（私がリザーブに送られるなら、代わりに捨て札にする。）
対象の対戦相手のランドマークにマナシード トークン1個を生成する。（それは、「[消耗],私を生け贄に捧げる:マナ・オーブ1つを非消耗にする。」を持つパーマネントである。）
その後、そのプレイヤーがコントロールする対象の基本コスト[3]以下のキャラクターを捨て札にする。（_一過_を持つならならリザーブコスト、そうでないなら手札コストである。）",
霊感的遭遇,コモン,場やリザーブの望む数の対象のカードに、4ブーストを望むように割り振って置く。（ブーストは+1/+1/+1カウンターである。探検隊を離れるとき、ブーストはなくなる。）,FTを読む限り、俺たちはエグザルツ=ヒーローとコンパニオンの組になる！みたいなシーンなので、魂が共鳴したといったような意味
霊感的遭遇,レア,"クールダウン（私が私の効果の解決後にリザーブに置かれるなら、私を消耗する。それは消耗している限り、サポート能力を失い、プレイできない。）
場やリザーブの望む数の対象のカードに、4ブーストを望むように割り振って置く。（ブーストは+1/+1/+1カウンターである。探検隊を離れるとき、ブーストはなくなる。）",
霊感的遭遇,色違い,"クールダウン（私が私の効果の解決後にリザーブに置かれるなら、私を消耗する。それは消耗している限り、サポート能力を失い、プレイできない。）
場やリザーブの望む数の対象のカードに、4ブーストを望むように割り振って置く。（ブーストは+1/+1/+1カウンターである。探検隊を離れるとき、ブーストはなくなる。）",
ピクニックエリア,コモン,"（ランドマーク。私が一過を得ることはない。） 
[両面]各プレイヤーはリサプライする。（あなたのデッキの一番上のカードをあなたのリザーブに置く。）
あなたが贈り物をした時-あなたは対象のキャラクターに1ブーストを得させるために私を消耗してもよい。（あなたのターンに対戦相手1人がカードを1枚引くか、リサプライするか、トークンを受け取ったなら、それは贈り物である。）",
ピクニックエリア,レア,"（ランドマーク。私が一過を得ることはない。） 
[両面]各プレイヤーはカードを1枚引く。
あなたが贈り物をした時-あなたは対象のキャラクターに1ブーストを得させるために私を消耗してもよい。（あなたのターンに対戦相手1人がカードを1枚引くか、リサプライするか、トークンを受け取ったなら、それは贈り物である。）",
ピクニックエリア,色違い,"（ランドマーク。私が一過を得ることはない。） 
[両面]各プレイヤーはカードを1枚引く。
あなたが贈り物をした時-あなたは対象のキャラクターに1ブーストを得させるために私を消耗してもよい。（あなたのターンに対戦相手1人がカードを1枚引くか、リサプライするか、トークンを受け取ったなら、それは贈り物である。）",
大使館,コモン,"（ランドマーク。私が一過を得ることはない。）
対象の対戦相手はリサプライする:このターン、次にあなたがプレイする基本コスト[3]以下のキャラクターは_アンカー_を得る。（リザーブからプレイするならリザーブコスト、そうでないなら手札コストである。）（休息時、私はリザーブに送られず、代わりにアンカーを失う。）",
大使館,レア,"（ランドマーク。私が一過を得ることはない。）
あなたのコントロールする_アンカー_か_睡眠_であるキャラクターはタフ1を持つ。（対戦相手が私を対象にするなら、[1]を追加で支払う。）
対象の対戦相手はリサプライする:このターン、次にあなたがプレイする基本コスト[3]以下のキャラクターは_アンカー_を得る。（リザーブからプレイするならリザーブコスト、そうでないなら手札コストである。）（休息時、私はリザーブに送られず、代わりにアンカーを失う。）",
大使館,色違い,"（ランドマーク。私が一過を得ることはない。）
あなたのコントロールする_アンカー_か_睡眠_であるキャラクターはタフ1を持つ。（対戦相手が私を対象にするなら、[1]を追加で支払う。）
対象の対戦相手はリサプライする:このターン、次にあなたがプレイする基本コスト[3]以下のキャラクターは_アンカー_を得る。（リザーブからプレイするならリザーブコスト、そうでないなら手札コストである。）（休息時、私はリザーブに送られず、代わりにアンカーを失う。）",
ナオス,コモン,"（ランドマーク。私が一過を得ることはない。）
タフ1（対戦相手が私を対象にするなら、[1]を追加で支払う。）
昼に-カードを1枚引き、あなたのランドマークにマナシード トークン2個を生成する。（それは、「[消耗],私を生け贄に捧げる:マナ・オーブ1つを非消耗にする。」を持つパーマネントである。）",
ナオス,レア,"（ランドマーク。私が一過を得ることはない。）
タフ1（対戦相手が私を対象にするなら、[1]を追加で支払う。）
[両面]対象の探検隊は、今日の間前進できない。
昼に-カードを1枚引き、あなたのランドマークにマナシード トークン2個を生成する。（それは、「[消耗],私を生け贄に捧げる:マナ・オーブ1つを非消耗にする。」を持つパーマネントである。）",
ナオス,色違い,"（ランドマーク。私が一過を得ることはない。）
タフ1（対戦相手が私を対象にするなら、[1]を追加で支払う。）
[両面]対象の探検隊は、今日の間前進できない。
昼に-カードを1枚引き、あなたのランドマークにマナシード トークン2個を生成する。（それは、「[消耗],私を生け贄に捧げる:マナ・オーブ1つを非消耗にする。」を持つパーマネントである。）",
マッツとハイヴ,ヒーロー,"（あなたは夜の間に3枚までのカードをあなたのランドマークに保持することができる。）
昼に-あなたのランドマークに3枚以上のカードがあるなら、あなたはそのうち1つを生け贄に捧げてもよい。そうしたなら、その生け贄に捧げたカードよりも最大[2]大きい手札コストを持つランドマーク パーマネント1つを無料でプレイする。",ヒーローの名前があんまり自信ないです
キキーモラ,コモン,<サポート>[捨て札]:このターン、あなたが次にプレイするパーマネントのコストは[1]を最小として[1]減る。,最小か最少かわからん。他のゲームと違ってコストは数値だけで色とかはないので最小のような気がする。
キキーモラ,レア,"あなたがパーマネント1つをプレイした時-私がブーストを持っていないなら、私は1ブーストを得る。（ブーストは+1/+1/+1カウンターである。探検隊を離れるとき、ブーストはなくなる。）
<サポート>[捨て札]:このターン、あなたが次にプレイするパーマネントのコストは[1]を最小として[1]減る。",
キキーモラ,色違い,"あなたがパーマネント1つをプレイした時-私がブーストを持っていないなら、私は1ブーストを得る。（ブーストは+1/+1/+1カウンターである。探検隊を離れるとき、ブーストはなくなる。）
<サポート>[捨て札]:このターン、あなたが次にプレイするパーマネントのコストは[1]を最小として[1]減る。",
ガラテイア,コモン,"私がコンタクト中なら、私は防衛を持つ。（他のプレイヤーの探検隊が私の地域にいるなら、私はコンタクト中である。）（私の探検隊は夕方に前進できない。）
[両面]私がコンタクト中なら、私は2ブーストを得る。（ブーストは+1/+1/+1カウンターである。探検隊を離れるとき、ブーストはなくなる。）",
ガラテイア,レア,"私は防衛を持つ。（私の探検隊は夕方に前進できない。）
私がコンタクト中なら、防衛を持つキャラクターは私の探検隊の前進を妨げない。（他のプレイヤーの探検隊が私の地域にいるなら、私はコンタクト中である。）",
ガラテイア,色違い,"私がコンタクト中なら、私は防衛を持つ。（他のプレイヤーの探検隊が私の地域にいるなら、私はコンタクト中である。）（私の探検隊は夕方に前進できない。）
[両面]私がコンタクト中なら、私は2ブーストを得る。（ブーストは+1/+1/+1カウンターである。探検隊を離れるとき、ブーストはなくなる。）",
レカのパトロン,コモン,"夕方に私の探検隊が前進するのに失敗した時-あなたのランドマークに、マナシード トークン1個を生成する。（それは、「[消耗],私を生け贄に捧げる:マナ・オーブ1つを非消耗にする。」を持つパーマネントである。）",
レカのパトロン,レア,"夕方に私の探検隊が前進するのに失敗した時-あなたのランドマークに、マナシード トークン1個を生成する。（それは、「[消耗],私を生け贄に捧げる:マナ・オーブ1つを非消耗にする。」を持つパーマネントである。）",
レカのパトロン,色違い,"夕方に私の探検隊が前進するのに失敗した時-あなたのランドマークに、マナシード トークン1個を生成する。（それは、「[消耗],私を生け贄に捧げる:マナ・オーブ1つを非消耗にする。」を持つパーマネントである。）",
オルディスの旅行者,コモン,[両面]あなたのランドマークに2つ以上のカードがあるなら、私は1ブーストを得る。,
オルディスの旅行者,レア,[両面]私はあなたのランドマークにあるカード1枚につき、私の上に3ブーストを最大として1ブーストを得る。,
オルディスの旅行者,色違い,[両面]私はあなたのランドマークにあるカード1枚につき、私の上に3ブーストを最大として1ブーストを得る。,
土産売り,コモン,[両面]あなたは私に1ブーストを与えてもよい。そうしたなら、対象の対戦相手はリサプライする。（あなたのデッキの一番上のカードをあなたのリザーブに置く。）,
土産売り,レア,"[両面]あなたはあなたのランドマークに、マナシード トークン1個を生成してもよい。（それは、「[消耗],私を生け贄に捧げる:マナ・オーブ1つを非消耗にする。」を持つパーマネントである。）そうしたなら、対象の対戦相手はリサプライする。（あなたのデッキの一番上のカードをあなたのリザーブに置く。）",
土産売り,色違い,[両面]あなたは私に1ブーストを与えてもよい。そうしたなら、対象の対戦相手はリサプライする。（あなたのデッキの一番上のカードをあなたのリザーブに置く。）,
毅然とした受付係,コモン,[表]あなたはサボタージュするためにあなたのコントロールするパーマネント1つを消耗してもよい。（リザーブのカード最大1枚を対象とし、それを捨て札にする。）,
毅然とした受付係,レア,[両面]あなたはサボタージュするためにあなたのコントロールするパーマネント1つを消耗してもよい。（リザーブのカード最大1枚を対象とし、それを捨て札にする。）そうしないなら、私は1ブーストを得る。（ブーストは+1/+1/+1カウンターである。探検隊を離れるとき、ブーストはなくなる。）,
毅然とした受付係,色違い,[表]あなたはサボタージュするためにあなたのリザーブのカード1つを消耗してもよい。（リザーブのカード最大1枚を対象とし、それを捨て札にする。）,
